filepath,size_MB,resolution,num_frames,class,label_content,type,split
train/barbell biceps curl/barbell biceps curl_10.mp4,0.39,1920x1080,94,barbell biceps curl,frame_000000 frame_000093,video,train
train/barbell biceps curl/barbell biceps curl_11.mp4,0.31,1920x1080,75,barbell biceps curl,frame_000000 frame_000074,video,train
train/barbell biceps curl/barbell biceps curl_14.mp4,0.28,1920x1080,69,barbell biceps curl,frame_000000 frame_000068,video,train
train/barbell biceps curl/barbell biceps curl_15.mp4,0.27,1920x1080,65,barbell biceps curl,frame_000000 frame_000064,video,train
train/barbell biceps curl/barbell biceps curl_16.mp4,0.26,1920x1080,63,barbell biceps curl,frame_000000 frame_000062,video,train
train/barbell biceps curl/barbell biceps curl_17.mp4,0.25,1920x1080,61,barbell biceps curl,frame_000000 frame_0000600,video,train
train/barbell biceps curl/barbell biceps curl_18.mp4,0.28,1920x1080,67,barbell biceps curl,frame_000000 frame_000066,video,train
train/barbell biceps curl/barbell biceps curl_20.mp4,0.23,1920x1080,56,barbell biceps curl,frame_000000 frame_000055,video,train
train/barbell biceps curl/barbell biceps curl_23.mp4,0.29,1920x1080,70,barbell biceps curl,frame_000000 frame_000069,video,train
train/barbell biceps curl/barbell biceps curl_24.mp4,0.34,1920x1080,84,barbell biceps curl,frame_000000 frame_000083,video,train
train/barbell biceps curl/barbell biceps curl_26.mp4,0.33,1920x1080,80,barbell biceps curl,frame_000000 frame_000079,video,train
train/barbell biceps curl/barbell biceps curl_27.mp4,0.23,1920x1080,55,barbell biceps curl,frame_000000 frame_000054,video,train
train/barbell biceps curl/barbell biceps curl_28.mp4,0.25,1920x1080,61,barbell biceps curl,frame_000000 frame_000060,video,train
train/barbell biceps curl/barbell biceps curl_29.mp4,0.24,1920x1080,58,barbell biceps curl,frame_000000 frame_000057,video,train
train/barbell biceps curl/barbell biceps curl_3.mp4,0.3,1920x1080,73,barbell biceps curl,frame_000000 frame_000072,video,train
train/barbell biceps curl/barbell biceps curl_30.mp4,0.21,1920x1080,49,barbell biceps curl,frame_000000 frame_000048,video,train
train/barbell biceps curl/barbell biceps curl_31.mp4,0.27,1920x1080,65,barbell biceps curl,frame_000000 frame_000064,video,train
train/barbell biceps curl/barbell biceps curl_37.mp4,0.24,1920x1080,59,barbell biceps curl,frame_000000 frame_000058,video,train
train/barbell biceps curl/barbell biceps curl_39.mp4,0.22,1920x1080,54,barbell biceps curl,frame_000000 frame_000053,video,train
train/barbell biceps curl/barbell biceps curl_4.mp4,0.22,1920x1080,53,barbell biceps curl,frame_000000 frame_000052,video,train
train/barbell biceps curl/barbell biceps curl_42.mp4,1.85,1280x720,141,barbell biceps curl,frame_000000 frame_000140,video,train
train/barbell biceps curl/barbell biceps curl_44.mp4,3.73,1280x720,229,barbell biceps curl,frame_000000 frame_000228,video,train
train/barbell biceps curl/barbell biceps curl_45.mp4,0.88,1280x720,421,barbell biceps curl,frame_000000 frame_000420,video,train
train/barbell biceps curl/barbell biceps curl_46.mp4,1.67,1280x720,94,barbell biceps curl,frame_000000 frame_000093,video,train
train/barbell biceps curl/barbell biceps curl_48.mp4,1.22,1280x720,70,barbell biceps curl,frame_000002 frame_000069,video,train
train/barbell biceps curl/barbell biceps curl_49.mp4,1.15,1280x720,90,barbell biceps curl,frame_000000 frame_000089,video,train
train/barbell biceps curl/barbell biceps curl_51.mp4,5.88,1280x720,282,barbell biceps curl,frame_000000 frame_000281,video,train
train/barbell biceps curl/barbell biceps curl_52.mp4,7.58,1280x720,372,barbell biceps curl,frame_000002 frame_000371,video,train
train/barbell biceps curl/barbell biceps curl_54.mp4,2.56,1280x720,132,barbell biceps curl,frame_000000 frame_000131,video,train
train/barbell biceps curl/barbell biceps curl_55.mp4,2.53,1280x720,147,barbell biceps curl,frame_000000 frame_000146,video,train
train/barbell biceps curl/barbell biceps curl_57.mp4,4.07,1280x720,234,barbell biceps curl,frame_000000 frame_000233,video,train
train/barbell biceps curl/barbell biceps curl_58.mp4,2.58,1280x720,162,barbell biceps curl,frame_000000 frame_000161,video,train
train/barbell biceps curl/barbell biceps curl_6.mp4,0.5,1920x1080,123,barbell biceps curl,frame_000000 frame_000122,video,train
train/barbell biceps curl/barbell biceps curl_60.mp4,4.58,1280x720,246,barbell biceps curl,frame_000000 frame_000245,video,train
train/barbell biceps curl/barbell biceps curl_61.mp4,1.79,1280x720,70,barbell biceps curl,frame_000000 frame_000069,video,train
train/barbell biceps curl/barbell biceps curl_62.mp4,2.47,1280x720,98,barbell biceps curl,frame_000000 frame_000097,video,train
train/barbell biceps curl/barbell biceps curl_7.mp4,0.56,1920x1080,138,barbell biceps curl,frame_000000 frame_000137,video,train
train/barbell biceps curl/barbell biceps curl_9.mp4,0.29,1920x1080,72,barbell biceps curl,frame_000000 frame_000071,video,train
train/barbell biceps curl/barbell_biceps_curl_63.mp4,30.58,720x1280,927,barbell biceps curl,frame_000000 frame_000926,video,train
train/barbell biceps curl/barbell_biceps_curl_64.mp4,28.47,720x1280,861,barbell biceps curl,frame_000000 frame_000860,video,train
train/barbell biceps curl/barbell_biceps_curl_66.mp4,21.94,720x1280,668,barbell biceps curl,frame_000000 frame_000667,video,train
train/barbell biceps curl/barbell_biceps_curl_67.mp4,25.53,720x1280,776,barbell biceps curl,frame_000000 frame_000775,video,train
train/barbell biceps curl/barbell_biceps_curl_69.mp4,22.73,720x1280,692,barbell biceps curl,frame_000000 frame_000691,video,train
train/barbell biceps curl/barbell_biceps_curl_71.mp4,4.54,1280x720,1613,barbell biceps curl,frame_000760 frame_000781; frame_000782 frame_001079; frame_001080 frame_001294,video,train
train/barbell biceps curl/barbell_biceps_curl_75.webm,1.64,596x336,595,barbell biceps curl,frame_000000 frame_000594,video,train
train/barbell biceps curl/barbell_biceps_curl_78.mp4,1.63,480x854,407,barbell biceps curl,frame_000093 frame_000406,video,train
train/barbell biceps curl/barbell_biceps_curl_79.mp4,0.74,854x450,258,barbell biceps curl,frame_000000 frame_000257,video,train
train/lateral raise/lateral raise_10.mp4,3.03,1280x720,149,lateral raise,frame_000000 frame_000148,video,train
train/lateral raise/lateral raise_12.mp4,2.87,1280x720,98,lateral raise,frame_000000 frame_000097,video,train
train/lateral raise/lateral raise_14.mp4,3.34,1280x720,188,lateral raise,frame_000000 frame_000187,video,train
train/lateral raise/lateral raise_15.mp4,2.2,1280x720,89,lateral raise,frame_000000 frame_000088,video,train
train/lateral raise/lateral raise_17.mp4,4.48,1280x720,171,lateral raise,frame_000000 frame_000170,video,train
train/lateral raise/lateral raise_18.mp4,2.19,1280x720,81,lateral raise,frame_000000 frame_000080,video,train
train/lateral raise/lateral raise_19.mp4,2.9,1280x720,120,lateral raise,frame_000000 frame_000119,video,train
train/lateral raise/lateral raise_2.MOV,42.74,1920x1080,395,lateral raise,frame_000000 frame_000375,video,train
train/lateral raise/lateral raise_21.mp4,1.68,1280x720,77,lateral raise,frame_000000 frame_000076,video,train
train/lateral raise/lateral raise_22.mp4,1.76,1280x720,86,lateral raise,frame_000000 frame_000085,video,train
train/lateral raise/lateral raise_23.mp4,2.3,1280x720,87,lateral raise,frame_000000 frame_000086,video,train
train/lateral raise/lateral raise_25.mp4,4.19,1280x720,166,lateral raise,frame_000000 frame_000165,video,train
train/lateral raise/lateral raise_26.mp4,6.42,1280x720,245,lateral raise,frame_000000 frame_000244,video,train
train/lateral raise/lateral raise_27.mp4,3.05,1280x720,180,lateral raise,frame_000000 frame_000179,video,train
train/lateral raise/lateral raise_32.mp4,6.62,1280x720,294,lateral raise,frame_000000 frame_000293,video,train
train/lateral raise/lateral raise_33.mp4,8.34,1280x720,372,lateral raise,frame_000000 frame_000371,video,train
train/lateral raise/lateral raise_35.mp4,6.25,1280x720,275,lateral raise,frame_000000 frame_000274,video,train
train/lateral raise/lateral raise_36.mp4,4.99,1280x720,212,lateral raise,frame_000000 frame_000211,video,train
train/lateral raise/lateral raise_37.mp4,7.61,1280x720,333,lateral raise,frame_000000 frame_000332,video,train
train/lateral raise/lateral raise_4.MOV,48.24,1920x1080,458,lateral raise,frame_000000 frame_000425,video,train
train/lateral raise/lateral raise_8.mp4,1.5,1280x720,58,lateral raise,frame_000000 frame_000057,video,train
train/lateral raise/lateral_raise_38.mp4,16.17,720x1280,501,lateral raise,frame_000000 frame_000500,video,train
train/lateral raise/lateral_raise_41.mp4,18.78,720x1280,558,lateral raise,frame_000000 frame_000557,video,train
train/lateral raise/lateral_raise_42.mp4,20.26,720x1280,614,lateral raise,frame_000000 frame_000613,video,train
train/lateral raise/lateral_raise_44.mp4,20.64,720x1280,631,lateral raise,frame_000000 frame_000630,video,train
train/lateral raise/lateral_raise_45.mp4,20.6,720x1280,631,lateral raise,frame_000000 frame_000630,video,train
train/lateral raise/lateral_raise_46.mp4,18.95,720x1280,573,lateral raise,frame_000000 frame_000572,video,train
train/lateral raise/lateral_raise_48.webm,0.79,898x506,582,lateral raise,frame_000000 frame_000581,video,train
train/lateral raise/lateral_raise_50.webm,5.06,596x336,1113,lateral raise,frame_000100 frame_000990,video,train
train/lateral raise/lateral_raise_52.webm,0.35,898x506,189,lateral raise,frame_000000 frame_000188,video,train
train/lateral raise/lateral_raise_53.webm,0.66,898x506,465,lateral raise,frame_000000 frame_000464,video,train
train/push-up/push-up_1.mp4,0.61,1920x1080,150,push-up,frame_000000 frame_000149,video,train
train/push-up/push-up_11.mp4,0.61,1920x1080,150,push-up,frame_000000 frame_000149,video,train
train/push-up/push-up_13.mp4,0.61,1920x1080,150,push-up,frame_000000 frame_000149,video,train
train/push-up/push-up_15.mp4,0.34,1920x1080,83,push-up,frame_000000 frame_000082,video,train
train/push-up/push-up_16.mp4,0.56,1920x1080,140,push-up,frame_000000 frame_000139,video,train
train/push-up/push-up_18.mp4,0.29,1920x1080,70,push-up,frame_000000 frame_000069,video,train
train/push-up/push-up_20.mp4,0.61,1920x1080,150,push-up,frame_000000 frame_000149,video,train
train/push-up/push-up_21.mp4,0.61,1920x1080,150,push-up,frame_000000 frame_000149,video,train
train/push-up/push-up_22.mp4,0.61,1920x1080,150,push-up,frame_000000 frame_000149,video,train
train/push-up/push-up_23.mp4,0.47,1920x1080,116,push-up,frame_000000 frame_000115,video,train
train/push-up/push-up_24.mp4,0.52,1920x1080,126,push-up,frame_000000 frame_000125,video,train
train/push-up/push-up_25.mp4,0.4,1920x1080,98,push-up,frame_000000 frame_000097,video,train
train/push-up/push-up_26.mp4,0.61,1920x1080,150,push-up,frame_000000 frame_000149,video,train
train/push-up/push-up_27.mp4,0.61,1920x1080,150,push-up,frame_000000 frame_000149,video,train
train/push-up/push-up_28.mp4,0.46,1920x1080,113,push-up,frame_000000 frame_000112,video,train
train/push-up/push-up_3.mp4,0.61,1920x1080,150,push-up,frame_000000 frame_000149,video,train
train/push-up/push-up_30.mp4,0.57,1920x1080,140,push-up,frame_000000 frame_000139,video,train
train/push-up/push-up_31.mp4,0.61,1920x1080,150,push-up,frame_000000 frame_000149,video,train
train/push-up/push-up_33.mp4,0.59,1920x1080,146,push-up,frame_000000 frame_000145,video,train
train/push-up/push-up_35.mp4,0.61,1920x1080,150,push-up,frame_000000 frame_000149,video,train
train/push-up/push-up_37.mp4,0.6,1920x1080,149,push-up,frame_000000 frame_000148,video,train
train/push-up/push-up_38.mp4,0.61,1920x1080,150,push-up,frame_000000 frame_000149,video,train
train/push-up/push-up_39.mp4,0.58,1920x1080,145,push-up,frame_000000 frame_000144,video,train
train/push-up/push-up_4.mp4,0.61,1920x1080,150,push-up,frame_000000 frame_000149,video,train
train/push-up/push-up_41.mp4,0.44,1920x1080,108,push-up,frame_000000 frame_000107,video,train
train/push-up/push-up_44.mp4,0.46,1920x1080,113,push-up,frame_000000 frame_000149,video,train
train/push-up/push-up_46.mp4,0.61,1920x1080,150,push-up,frame_000000 frame_000149,video,train
train/push-up/push-up_5.mp4,0.61,1920x1080,150,push-up,frame_000000 frame_000149,video,train
train/push-up/push-up_50.mp4,0.61,1920x1080,150,push-up,frame_000000 frame_000149,video,train
train/push-up/push-up_52.mp4,5.17,1280x720,411,push-up,frame_000000 frame_000033; frame_000034 frame_000298; frame_000299 frame_000410,video,train
train/push-up/push-up_54.mp4,5.73,1280x720,778,push-up,frame_000000 frame_000777,video,train
train/push-up/push-up_55.mp4,11.14,1280x720,475,push-up,frame_000000 frame_000777,video,train
train/push-up/push-up_59.webm,1.42,600x316,745,push-up,frame_000000 frame_000744,video,train
train/push-up/push-up_6.mp4,0.61,1920x1080,150,push-up,frame_000000 frame_000149,video,train
train/push-up/push-up_7.mp4,0.61,1920x1080,150,push-up,frame_000000 frame_000149,video,train
train/push-up/push-up_9.mp4,0.61,1920x1080,150,push-up,frame_000000 frame_000149,video,train
train/bench press/bench press_1.mp4,0.24,1920x1080,58,bench press,frame_000000 frame_000057,video,train
train/bench press/bench press_10.mp4,0.22,1920x1080,53,bench press,frame_000000 frame_000052,video,train
train/bench press/bench press_11.mp4,0.17,1920x1080,39,bench press,frame_000000 frame_000038,video,train
train/bench press/bench press_12.mp4,0.62,1920x1080,150,bench press,frame_000000 frame_000149,video,train
train/bench press/bench press_14.mp4,0.22,1920x1080,54,bench press,frame_000000 frame_000053,video,train
train/bench press/bench press_15.mp4,0.41,1920x1080,99,bench press,frame_000000 frame_000098,video,train
train/bench press/bench press_19.mp4,0.29,1920x1080,71,bench press,frame_000000 frame_000070,video,train
train/bench press/bench press_2.mp4,0.24,1920x1080,58,bench press,frame_000000 frame_000057,video,train
train/bench press/bench press_20.mp4,0.27,1920x1080,65,bench press,frame_000000 frame_000064,video,train
train/bench press/bench press_22.mp4,0.26,1920x1080,62,bench press,frame_000000 frame_000061,video,train
train/bench press/bench press_23.mp4,0.27,1920x1080,64,bench press,frame_000000 frame_000063,video,train
train/bench press/bench press_25.mp4,0.21,1920x1080,51,bench press,frame_000000 frame_000050,video,train
train/bench press/bench press_26.mp4,0.26,1920x1080,62,bench press,frame_000000 frame_000061,video,train
train/bench press/bench press_27.mp4,0.26,1920x1080,62,bench press,frame_000000 frame_000061,video,train
train/bench press/bench press_29.mp4,5.26,1280x720,208,bench press,frame_000000 frame_000207,video,train
train/bench press/bench press_3.mp4,0.35,1920x1080,86,bench press,frame_000000 frame_000085,video,train
train/bench press/bench press_30.mp4,1.36,1280x720,65,bench press,frame_000000 frame_000064,video,train
train/bench press/bench press_31.mp4,2.0,1280x720,77,bench press,frame_000000 frame_000076,video,train
train/bench press/bench press_33.mp4,1.7,1280x720,70,bench press,frame_000000 frame_000069,video,train
train/bench press/bench press_34.mp4,3.8,1280x720,146,bench press,frame_000000 frame_000145,video,train
train/bench press/bench press_37.mp4,9.34,1280x720,388,bench press,frame_000000 frame_000387,video,train
train/bench press/bench press_39.mp4,20.46,1280x720,755,bench press,frame_000000 frame_000754,video,train
train/bench press/bench press_4.mp4,0.25,1920x1080,60,bench press,frame_000000 frame_000059,video,train
train/bench press/bench press_41.mp4,1.69,1280x720,68,bench press,frame_000000 frame_000065,video,train
train/bench press/bench press_43.mp4,1.6,1280x720,63,bench press,frame_000000 frame_000061,video,train
train/bench press/bench press_44.mp4,3.04,1280x720,125,bench press,frame_000000 frame_000124,video,train
train/bench press/bench press_45.mp4,2.28,1280x720,90,bench press,frame_000000 frame_000089,video,train
train/bench press/bench press_48.mp4,4.28,1280x720,160,bench press,frame_000000 frame_000159,video,train
train/bench press/bench press_49.mp4,1.81,1280x720,75,bench press,frame_000000 frame_000074,video,train
train/bench press/bench press_5.mp4,0.19,1920x1080,46,bench press,frame_000000 frame_000045,video,train
train/bench press/bench press_51.mp4,1.34,1280x720,58,bench press,frame_000000 frame_000057,video,train
train/bench press/bench press_52.mp4,0.83,1280x720,35,bench press,frame_000000 frame_000034,video,train
train/bench press/bench press_54.mp4,2.12,1280x720,82,bench press,frame_000000 frame_000081,video,train
train/bench press/bench press_55.mp4,0.66,1280x720,30,bench press,frame_000000 frame_000029,video,train
train/bench press/bench press_57.mp4,2.5,1280x720,100,bench press,frame_000000 frame_000099,video,train
train/bench press/bench press_58.mp4,1.21,1280x720,46,bench press,frame_000000 frame_000045,video,train
train/bench press/bench press_6.mp4,0.26,1920x1080,63,bench press,frame_000000 frame_000062,video,train
train/bench press/bench press_61.mp4,2.39,1280x720,105,bench press,frame_000000 frame_000104,video,train
train/bench press/bench_press_62.mp4,26.83,720x1280,809,bench press,frame_000000 frame_000808,video,train
train/bench press/bench_press_65.mp4,21.51,720x1280,655,bench press,frame_000000 frame_000654,video,train
train/bench press/bench_press_66.mp4,21.23,720x1280,641,bench press,frame_00000 frame_000640,video,train
train/bench press/bench_press_67.mp4,20.65,720x1280,628,bench press,frame_000000 frame_000627,video,train
train/bench press/bench_press_68.mp4,20.18,720x1280,613,bench press,frame_000000 frame_000612,video,train
train/bench press/bench_press_70.webm,0.72,898x506,484,bench press,frame_000000 frame_000483,video,train
train/bench press/bench_press_73.webm,1.56,596x336,358,bench press,frame_000000 frame_000357,video,train
train/bench press/bench_press_75.webm,1.47,600x316,352,bench press,frame_000000 frame_000351,video,train
train/bench press/bench_press_76.webm,1.37,596x336,312,bench press,frame_000000 frame_000311,video,train
train/chest fly machine/chest fly machine_10.mp4,0.42,1920x1080,102,chest fly machine,frame_000000 frame_000101,video,train
train/chest fly machine/chest fly machine_11.mp4,0.44,1920x1080,108,chest fly machine,frame_000000 frame_000107,video,train
train/chest fly machine/chest fly machine_12.mp4,0.43,1920x1080,106,chest fly machine,frame_000000 frame_000105,video,train
train/chest fly machine/chest fly machine_13.mp4,0.38,1920x1080,93,chest fly machine,frame_000000 frame_000092,video,train
train/chest fly machine/chest fly machine_14.mp4,0.45,1920x1080,110,chest fly machine,frame_000000 frame_000109,video,train
train/chest fly machine/chest fly machine_16.mp4,0.33,1920x1080,80,chest fly machine,frame_000000 frame_000079,video,train
train/chest fly machine/chest fly machine_17.mp4,0.53,1920x1080,131,chest fly machine,frame_000000 frame_000130,video,train
train/chest fly machine/chest fly machine_21.mp4,0.87,1920x1080,215,chest fly machine,frame_000000 frame_000214,video,train
train/chest fly machine/chest fly machine_22.mp4,2.37,1280x676,453,chest fly machine,frame_000000 frame_000452,video,train
train/chest fly machine/chest fly machine_23.mp4,9.44,1280x720,420,chest fly machine,frame_000000 frame_000419,video,train
train/chest fly machine/chest fly machine_24.mp4,2.9,1280x720,180,chest fly machine,frame_000000 frame_000179,video,train
train/chest fly machine/chest fly machine_25.mp4,5.91,1280x720,255,chest fly machine,frame_000000 frame_000254,video,train
train/chest fly machine/chest fly machine_26.mp4,21.13,1280x720,756,chest fly machine,frame_000000 frame_000755,video,train
train/chest fly machine/chest fly machine_3.mp4,0.33,1920x1080,80,chest fly machine,frame_000000 frame_000079,video,train
train/chest fly machine/chest fly machine_4.mp4,0.55,1920x1080,135,chest fly machine,frame_000000 frame_000134,video,train
train/chest fly machine/chest fly machine_6.mp4,0.53,1920x1080,129,chest fly machine,frame_000000 frame_000128,video,train
train/chest fly machine/chest fly machine_7.mp4,0.4,1920x1080,97,chest fly machine,frame_000000 frame_000096,video,train
train/chest fly machine/chest fly machine_8.mp4,0.62,1920x1080,153,chest fly machine,frame_000000 frame_000152,video,train
train/chest fly machine/chest fly machine_9.mp4,0.62,1920x1080,153,chest fly machine,frame_000000 frame_000152,video,train
train/chest fly machine/chest_fly_machine_29.mp4,33.68,720x1280,1038,chest fly machine,frame_000000 frame_001037,video,train
train/chest fly machine/chest_fly_machine_30.mp4,21.63,720x1280,658,chest fly machine,frame_000000 frame_000657,video,train
train/chest fly machine/chest_fly_machine_31.mp4,30.57,720x1280,929,chest fly machine,frame_000000 frame_000928,video,train
train/chest fly machine/chest_fly_machine_37.webm,0.2,898x506,174,chest fly machine,frame_000000 frame_000173,video,train
train/chest fly machine/chest_fly_machine_38.webm,4.96,596x336,2940,chest fly machine,frame_000000 frame_002939,video,train
train/chest fly machine/chest_fly_machine_40.webm,1.74,596x336,401,chest fly machine,frame_000000 frame_000400,video,train
train/chest fly machine/chest_fly_machine_42.webm,1.21,596x336,331,chest fly machine,frame_000000 frame_000330,video,train
train/chest fly machine/chest_fly_machine_43.webm,0.83,596x336,273,chest fly machine,frame_000000 frame_000272,video,train
train/chest fly machine/chest_fly_machine_44.webm,0.55,596x336,139,chest fly machine,frame_000000 frame_000138,video,train
train/chest fly machine/chest_fly_machine_46.webm,2.48,596x336,559,chest fly machine,frame_000000 frame_000558,video,train
train/chest fly machine/chest_fly_machine_48.mp4,0.77,360x640,524,chest fly machine,frame_000000 frame_000523,video,train
train/deadlift/deadlift_11.mp4,0.5,1920x1080,121,deadlift,frame_000000 frame_000120,video,train
train/deadlift/deadlift_14.mp4,0.61,1920x1080,150,deadlift,frame_000000 frame_000149,video,train
train/deadlift/deadlift_15.mp4,0.28,1920x1080,68,deadlift,frame_000000 frame_000067,video,train
train/deadlift/deadlift_17.mp4,0.6,1920x1080,147,deadlift,frame_000000 frame_000146,video,train
train/deadlift/deadlift_18.mp4,0.42,1920x1080,105,deadlift,frame_000000 frame_000104,video,train
train/deadlift/deadlift_19.mp4,0.26,1920x1080,62,deadlift,frame_000000 frame_000061,video,train
train/deadlift/deadlift_2.mp4,0.61,1920x1080,150,deadlift,frame_000000 frame_000149,video,train
train/deadlift/deadlift_20.mp4,0.24,1920x1080,59,deadlift,frame_000000 frame_000058,video,train
train/deadlift/deadlift_21.mp4,0.79,1920x1080,195,deadlift,frame_000000 frame_000194,video,train
train/deadlift/deadlift_24.mp4,0.42,1920x1080,103,deadlift,frame_000000 frame_000102,video,train
train/deadlift/deadlift_25.mp4,25.5,1280x720,938,deadlift,frame_000000 frame_000937,video,train
train/deadlift/deadlift_26.mp4,4.04,1280x720,180,deadlift,frame_000000 frame_000179,video,train
train/deadlift/deadlift_27.mp4,3.88,1280x720,165,deadlift,frame_000000 frame_000164,video,train
train/deadlift/deadlift_28.mp4,5.34,1280x720,192,deadlift,frame_000000 frame_000191,video,train
train/deadlift/deadlift_3.mp4,0.61,1920x1080,150,deadlift,frame_000000 frame_000149,video,train
train/deadlift/deadlift_30.mp4,4.84,1280x720,185,deadlift,frame_000000 frame_000184,video,train
train/deadlift/deadlift_31.mp4,3.84,1280x720,144,deadlift,frame_000000 frame_000143,video,train
train/deadlift/deadlift_32.mp4,2.61,1280x720,105,deadlift,frame_000000 frame_000104,video,train
train/deadlift/deadlift_33.mp4,21.87,720x1280,672,deadlift,frame_000000 frame_000671,video,train
train/deadlift/deadlift_34.mp4,22.42,720x1280,683,deadlift,frame_000000 frame_000682,video,train
train/deadlift/deadlift_36.mp4,22.27,720x1280,673,deadlift,frame_000000 frame_000672,video,train
train/deadlift/deadlift_37.mp4,39.34,720x1280,1204,deadlift,frame_000000 frame_001203,video,train
train/deadlift/deadlift_38.mp4,30.6,720x1280,921,deadlift,frame_000000 frame_000920,video,train
train/deadlift/deadlift_39.mp4,20.64,720x1280,634,deadlift,frame_000000 frame_000633,video,train
train/deadlift/deadlift_45.webm,1.53,596x336,451,deadlift,frame_000000 frame_000450,video,train
train/deadlift/deadlift_47.webm,0.7,898x506,553,deadlift,frame_000000 frame_000552,video,train
train/deadlift/deadlift_48.webm,1.0,900x474,242,deadlift,frame_000000 frame_000241,video,train
train/deadlift/deadlift_50.webm,0.47,900x474,305,deadlift,frame_000000 frame_000304,video,train
train/deadlift/deadlift_6.mp4,0.61,1920x1080,150,deadlift,frame_000000 frame_000149,video,train
train/deadlift/deadlift_8.mp4,0.61,1920x1080,150,deadlift,frame_000000 frame_000149,video,train
train/decline bench press/dbp_1.mp4,4.21,320x240,541,decline bench press,frame_000101 frame_000540,video,train
train/decline bench press/dbp_10.mp4,7.09,1280x720,324,decline bench press,frame_000000 frame_000323,video,train
train/decline bench press/dbp_12.mp4,2.47,1280x720,125,decline bench press,frame_000000 frame_000124,video,train
train/decline bench press/dbp_7.MOV,74.92,1920x1080,718,decline bench press,frame_000000 frame_000717,video,train
train/decline bench press/dbp_8.mp4,1.92,1280x720,68,decline bench press,frame_000000 frame_000067,video,train
train/decline bench press/dbp_9.mp4,5.26,1280x720,192,decline bench press,frame_000000 frame_000191,video,train
train/decline bench press/decline_bench_press_13.mp4,7.9,1280x720,1911,decline bench press,frame_000565 frame_000575; frame_000576 frame_001177; frame_001178 frame_001341; frame_001342 frame_001582,video,train
train/decline bench press/decline_bench_press_16.mp4,2.49,640x360,1004,decline bench press,frame_000330 frame_001003,video,train
train/decline bench press/decline_bench_press_17.mp4,5.34,360x640,1805,decline bench press,frame_000926 frame_0001658,video,train
train/decline bench press/decline_bench_press_19.mp4,3.86,640x360,2133,decline bench press,frame_000881 frame_001670,video,train
train/decline bench press/decline_bench_press_20.mp4,0.54,640x360,294,decline bench press,frame_000136 frame_000293,video,train
train/decline bench press/decline_bench_press_21.mp4,5.25,640x360,3508,decline bench press,frame_001630 frame_001960,video,train
train/decline bench press/decline_bench_press_23.mp4,48.61,720x1280,6488,decline bench press,frame_000000 frame_006487,video,train
train/decline bench press/decline_bench_press_24.mp4,2.33,640x360,1410,decline bench press,frame_000630 frame_000691; frame_000692 frame_000808; frame_000809 frame_000985; frame_000986 frame_001250,video,train
train/decline bench press/decline_bench_press_25.mp4,7.55,480x360,4583,decline bench press,frame_002031 frame_002980,video,train
train/decline bench press/decline_bench_press_26.mp4,2.14,640x360,1251,decline bench press,frame_000316 frame_001097,video,train
train/decline bench press/decline_bench_press_28.mp4,2.88,720x1280,556,decline bench press,frame_000000 frame_000555,video,train
train/decline bench press/decline_bench_press_29.mp4,20.05,640x360,8258,decline bench press,frame_000181 frame_000680; frame_001011 frame_001370; frame_002021 frame_002520; frame_003301 frame_003900; frame_004261 frame_004850; frame_005651 frame_006430; frame_007061 frame_007470; frame_007851 frame_008070,video,train
train/decline bench press/decline_bench_press_33.mp4,4.11,640x360,2782,decline bench press,frame_001471 frame_002180,video,train
train/hammer curl/hammer curl_11.mp4,11.84,1280x720,528,hammer curl,frame_000000 frame_000527,video,train
train/hammer curl/hammer curl_13.mp4,6.64,1280x720,291,hammer curl,frame_000000 frame_000290,video,train
train/hammer curl/hammer curl_14.mp4,1.13,1280x720,51,hammer curl,frame_000000 frame_000050,video,train
train/hammer curl/hammer curl_15.mp4,2.7,1280x720,114,hammer curl,frame_000000 frame_000113,video,train
train/hammer curl/hammer curl_16.mp4,6.89,1280x720,303,hammer curl,frame_000000 frame_000302,video,train
train/hammer curl/hammer curl_17.mp4,6.06,1080x608,323,hammer curl,frame_000000 frame_000322,video,train
train/hammer curl/hammer curl_19.mp4,6.12,1080x608,315,hammer curl,frame_000000 frame_000314,video,train
train/hammer curl/hammer curl_2.MOV,39.97,1920x1080,381,hammer curl,frame_000000 frame_000380,video,train
train/hammer curl/hammer curl_5.MOV,42.72,1920x1080,430,hammer curl,frame_000036 frame_000426,video,train
train/hammer curl/hammer curl_8.mp4,6.15,1280x720,249,hammer curl,frame_000000 frame_000248,video,train
train/hammer curl/hammer_curl_20.mp4,32.82,720x1280,989,hammer curl,frame_000000 frame_000988,video,train
train/hammer curl/hammer_curl_22.mp4,21.19,720x1280,654,hammer curl,frame_000000 frame_000653,video,train
train/hammer curl/hammer_curl_23.mp4,19.87,720x1280,604,hammer curl,frame_000000 frame_000603,video,train
train/hammer curl/hammer_curl_24.mp4,21.48,720x1280,655,hammer curl,frame_000000 frame_000654,video,train
train/hammer curl/hammer_curl_26.mp4,23.49,720x1280,727,hammer curl,frame_000000 frame_000726,video,train
train/hammer curl/hammer_curl_27.mp4,21.67,720x1280,663,hammer curl,frame_000000 frame_000662,video,train
train/hammer curl/hammer_curl_29.webm,0.4,898x506,467,hammer curl,frame_000000 frame_000466,video,train
train/hammer curl/hammer_curl_31.webm,0.17,898x506,163,hammer curl,frame_000000 frame_000162,video,train
train/hammer curl/hammer_curl_33.webm,1.87,596x336,396,hammer curl,frame_000000 frame_000395,video,train
train/hammer curl/hammer_curl_37.mp4,1.59,540x1080,231,hammer curl,frame_000000 frame_000230,video,train
train/hammer curl/hammer_curl_39.mp4,0.84,608x1080,331,hammer curl,frame_000000 frame_000304,video,train
train/hammer curl/hammer_curl_40.mp4,2.17,202x360,1796,hammer curl,frame_000000 frame_001795,video,train
train/hammer curl/hammer_curl_41.mp4,0.98,360x640,451,hammer curl,frame_000074 frame_000450,video,train
train/hammer curl/hammer_curl_43.mp4,0.66,360x640,314,hammer curl,frame_000058 frame_000162; frame_000163 frame_000195; frame_000196 frame_000313,video,train
train/hammer curl/hammer_curl_45.mp4,1.21,480x360,600,hammer curl,frame_000061 frame_000599,video,train
train/hammer curl/hammer_curl_46.mp4,0.73,360x640,216,hammer curl,frame_000000 frame_000215,video,train
train/hammer curl/hammer_curl_47.mp4,3.98,360x640,1177,hammer curl,frame_000340 frame_001000,video,train
train/hammer curl/hammer_curl_48.mp4,1.33,360x640,560,hammer curl,frame_000000 frame_000176; frame_000444 frame_000559,video,train
train/hip thrust/hip thrust_1.MOV,34.69,1920x1440,425,hip thrust,frame_000000 frame_000410,video,train
train/hip thrust/hip thrust_11.mp4,2.14,1280x720,105,hip thrust,frame_000002 frame_000104,video,train
train/hip thrust/hip thrust_12.mp4,5.72,1280x720,267,hip thrust,frame_000099 frame_000266,video,train
train/hip thrust/hip thrust_13.mp4,2.54,1280x720,144,hip thrust,frame_000000 frame_000143,video,train
train/hip thrust/hip thrust_14.mp4,7.7,1280x720,363,hip thrust,frame_000000 frame_000362,video,train
train/hip thrust/hip thrust_15.mp4,12.08,1280x720,540,hip thrust,frame_000000 frame_000539,video,train
train/hip thrust/hip thrust_3.MOV,39.03,1920x1440,479,hip thrust,frame_000000 frame_000454,video,train
train/hip thrust/hip thrust_4.MOV,44.95,1920x1440,549,hip thrust,frame_000000 frame_000546,video,train
train/hip thrust/hip thrust_5.mp4,21.92,1280x720,1012,hip thrust,frame_000024 frame_000135; frame_000504 frame_000562; frame_000563 frame_000759; frame_000788 frame_000904; frame_000905 frame_001011,video,train
train/hip thrust/hip thrust_9.mp4,8.91,1280x720,389,hip thrust,frame_000000 frame_000388,video,train
train/hip thrust/hip_thrust_19.webm,0.48,898x506,436,hip thrust,frame_000000 frame_000435,video,train
train/hip thrust/hip_thrust_23.webm,3.32,596x336,761,hip thrust,frame_000000 frame_000760,video,train
train/hip thrust/hip_thrust_24.webm,1.04,504x900,976,hip thrust,frame_000000 frame_000975,video,train
train/hip thrust/hip_thrust_27.mp4,1.94,480x854,403,hip thrust,frame_000061 frame_000290,video,train
train/hip thrust/hip_thrust_29.mp4,2.24,854x480,907,hip thrust,frame_000000 frame_000669,video,train
train/hip thrust/hip_thrust_30.mp4,1.27,360x640,500,hip thrust,frame_000000 frame_000499,video,train
train/hip thrust/hip_thrust_31.mp4,1.23,854x480,476,hip thrust,frame_000076 frame_000399,video,train
train/hip thrust/hip_thrust_32.mp4,1.59,1080x608,120,hip thrust,frame_000000 frame_000119,video,train
train/hip thrust/hip_thrust_33.mp4,3.09,480x854,652,hip thrust,frame_000000 frame_000651,video,train
train/hip thrust/hip_thrust_34.mp4,4.93,480x360,3453,hip thrust,frame_000161 frame_002500,video,train
train/hip thrust/hip_thrust_35.mp4,5.33,640x360,3299,hip thrust,frame_001501 frame_002620,video,train
train/incline bench press/incline bench press_1.mp4,0.49,1920x1080,120,incline bench press,frame_000000 frame_000119,video,train
train/incline bench press/incline bench press_10.mp4,0.27,1920x1080,65,incline bench press,frame_000000 frame_000064,video,train
train/incline bench press/incline bench press_11.mp4,0.22,1920x1080,52,incline bench press,frame_000000 frame_000051,video,train
train/incline bench press/incline bench press_12.mp4,0.27,1920x1080,65,incline bench press,frame_000000 frame_000064,video,train
train/incline bench press/incline bench press_13.mp4,0.23,1920x1080,47,incline bench press,frame_000000 frame_000046,video,train
train/incline bench press/incline bench press_14.mp4,0.31,1920x1080,74,incline bench press,frame_000000 frame_000073,video,train
train/incline bench press/incline bench press_19.mp4,0.35,1920x1080,85,incline bench press,frame_000000 frame_000084,video,train
train/incline bench press/incline bench press_2.mp4,0.26,1920x1080,62,incline bench press,frame_000000 frame_000061,video,train
train/incline bench press/incline bench press_20.mp4,0.38,1920x1080,93,incline bench press,frame_000000 frame_000092,video,train
train/incline bench press/incline bench press_22.mp4,0.3,1920x1080,72,incline bench press,frame_000000 frame_000071,video,train
train/incline bench press/incline bench press_23.mp4,0.41,1920x1080,99,incline bench press,frame_000000 frame_000098,video,train
train/incline bench press/incline bench press_27.mp4,19.34,1280x720,747,incline bench press,frame_000000 frame_000746,video,train
train/incline bench press/incline bench press_28.mp4,19.95,1280x720,792,incline bench press,frame_000000 frame_000791,video,train
train/incline bench press/incline bench press_3.mp4,0.19,1920x1080,46,incline bench press,frame_000000 frame_000045,video,train
train/incline bench press/incline bench press_30.mp4,23.26,1280x720,887,incline bench press,frame_000000 frame_000886,video,train
train/incline bench press/incline bench press_31.mp4,18.41,1280x720,725,incline bench press,frame_000000 frame_000724,video,train
train/incline bench press/incline bench press_32.mp4,24.12,1280x720,937,incline bench press,frame_000000 frame_000936,video,train
train/incline bench press/incline bench press_33.mp4,2.11,1280x720,72,incline bench press,frame_000000 frame_000071,video,train
train/incline bench press/incline bench press_7.mp4,0.2,1920x1080,40,incline bench press,frame_000000 frame_000039,video,train
train/incline bench press/incline_bench_press_34.mp4,32.17,720x1280,991,incline bench press,frame_000000 frame_000990,video,train
train/incline bench press/incline_bench_press_37.mp4,21.61,720x1280,655,incline bench press,frame_000000 frame_000654,video,train
train/incline bench press/incline_bench_press_39.mp4,20.62,720x1280,628,incline bench press,frame_000000 frame_000627,video,train
train/incline bench press/incline_bench_press_40.mp4,20.42,720x1280,623,incline bench press,frame_000000 frame_000622,video,train
train/incline bench press/incline_bench_press_41.mp4,21.12,720x1280,639,incline bench press,frame_000000 frame_000638,video,train
train/incline bench press/incline_bench_press_42.webm,1.72,898x506,908,incline bench press,frame_000000 frame_000907,video,train
train/incline bench press/incline_bench_press_44.webm,0.53,898x506,341,incline bench press,frame_000000 frame_000340,video,train
train/incline bench press/incline_bench_press_46.webm,0.74,596x336,356,incline bench press,frame_000000 frame_000355,video,train
train/incline bench press/incline_bench_press_48.webm,1.47,600x316,352,incline bench press,frame_000000 frame_000351,video,train
train/lat pulldown/lat pulldown_1.mp4,0.41,1920x1080,101,lat pulldown,frame_000000 frame_000100,video,train
train/lat pulldown/lat pulldown_11.mp4,0.25,1920x1080,61,lat pulldown,frame_000000 frame_000060,video,train
train/lat pulldown/lat pulldown_12.mp4,0.65,1920x1080,160,lat pulldown,frame_000000 frame_000159,video,train
train/lat pulldown/lat pulldown_13.mp4,0.16,1920x1080,38,lat pulldown,frame_000000 frame_000037,video,train
train/lat pulldown/lat pulldown_16.mp4,0.42,1920x1080,101,lat pulldown,frame_000000 frame_000100,video,train
train/lat pulldown/lat pulldown_17.mp4,0.3,1920x1080,70,lat pulldown,frame_000000 frame_000069,video,train
train/lat pulldown/lat pulldown_20.mp4,0.31,1920x1080,74,lat pulldown,frame_000000 frame_000073,video,train
train/lat pulldown/lat pulldown_22.mp4,0.29,1920x1080,72,lat pulldown,frame_000000 frame_000071,video,train
train/lat pulldown/lat pulldown_24.mp4,0.3,1920x1080,74,lat pulldown,frame_000000 frame_000073,video,train
train/lat pulldown/lat pulldown_26.mp4,4.16,1280x720,158,lat pulldown,frame_000000 frame_000157,video,train
train/lat pulldown/lat pulldown_27.mp4,9.61,1280x720,350,lat pulldown,frame_000000 frame_000349,video,train
train/lat pulldown/lat pulldown_28.mp4,2.7,1280x720,97,lat pulldown,frame_000000 frame_000096,video,train
train/lat pulldown/lat pulldown_30.mp4,5.62,1280x720,263,lat pulldown,frame_000000 frame_000262,video,train
train/lat pulldown/lat pulldown_31.mp4,3.21,1280x720,134,lat pulldown,frame_000000 frame_000133,video,train
train/lat pulldown/lat pulldown_32.mp4,3.22,1280x720,106,lat pulldown,frame_000000 frame_000105,video,train
train/lat pulldown/lat pulldown_34.mp4,1.62,1280x720,79,lat pulldown,frame_000000 frame_000078,video,train
train/lat pulldown/lat pulldown_35.mp4,1.84,1280x720,62,lat pulldown,frame_000000 frame_000061,video,train
train/lat pulldown/lat pulldown_36.mp4,2.33,1280x720,79,lat pulldown,frame_000000 frame_000078,video,train
train/lat pulldown/lat pulldown_37.mp4,3.08,1280x720,103,lat pulldown,frame_000000 frame_000102,video,train
train/lat pulldown/lat pulldown_38.mp4,2.68,1280x720,96,lat pulldown,frame_000000 frame_000095,video,train
train/lat pulldown/lat pulldown_39.mp4,1.98,1280x720,69,lat pulldown,frame_000000 frame_000068,video,train
train/lat pulldown/lat pulldown_4.mp4,0.27,1920x1080,65,lat pulldown,frame_000000 frame_000064,video,train
train/lat pulldown/lat pulldown_40.mp4,6.82,1280x720,240,lat pulldown,frame_000000 frame_000239,video,train
train/lat pulldown/lat pulldown_42.mp4,3.49,1280x720,149,lat pulldown,frame_000000 frame_000148,video,train
train/lat pulldown/lat pulldown_43.mp4,3.43,1280x720,153,lat pulldown,frame_000000 frame_000152,video,train
train/lat pulldown/lat pulldown_44.mp4,2.64,1280x720,117,lat pulldown,frame_000002 frame_000116,video,train
train/lat pulldown/lat pulldown_46.mp4,7.21,1280x720,305,lat pulldown,frame_000000 frame_000304,video,train
train/lat pulldown/lat pulldown_47.mp4,2.01,1280x720,87,lat pulldown,frame_000000 frame_000086,video,train
train/lat pulldown/lat pulldown_5.mp4,0.28,1920x1080,68,lat pulldown,frame_000000 frame_000067,video,train
train/lat pulldown/lat pulldown_9.mp4,0.42,1920x1080,103,lat pulldown,frame_000000 frame_000102,video,train
train/lat pulldown/lat_pulldown_52.mp4,35.08,720x1280,1067,lat pulldown,frame_000000 frame_001066,video,train
train/lat pulldown/lat_pulldown_54.mp4,21.39,720x1280,649,lat pulldown,frame_000000 frame_000648,video,train
train/lat pulldown/lat_pulldown_55.mp4,22.43,720x1280,684,lat pulldown,frame_000000 frame_000693,video,train
train/lat pulldown/lat_pulldown_56.mp4,20.92,720x1280,643,lat pulldown,frame_000000 frame_000642,video,train
train/lat pulldown/lat_pulldown_57.mp4,21.34,720x1280,650,lat pulldown,frame_000000 frame_000649,video,train
train/lat pulldown/lat_pulldown_60.webm,2.2,596x336,503,lat pulldown,frame_000000 frame_000502,video,train
train/lat pulldown/lat_pulldown_61.webm,1.57,596x336,409,lat pulldown,frame_000000 frame_000408,video,train
train/lat pulldown/lat_pulldown_63.webm,0.69,898x506,924,lat pulldown,frame_000001 frame_000923,video,train
train/lat pulldown/lat_pulldown_64.webm,0.5,898x506,790,lat pulldown,frame_000000 frame_000789,video,train
train/leg extension/leg extension_1.MOV,28.64,1920x1080,410,leg extension,frame_000271 frame_000409,video,train
train/leg extension/leg extension_10.mp4,4.69,1280x720,171,leg extension,frame_000002 frame_000170,video,train
train/leg extension/leg extension_12.mp4,2.87,1280x720,101,leg extension,frame_000000 frame_000100,video,train
train/leg extension/leg extension_13.mp4,2.85,1280x720,151,leg extension,frame_000000 frame_000150,video,train
train/leg extension/leg extension_15.mp4,4.35,1280x720,171,leg extension,frame_000000 frame_000170,video,train
train/leg extension/leg extension_17.mp4,2.81,1280x720,258,leg extension,frame_000000 frame_000240,video,train
train/leg extension/leg extension_18.mp4,10.94,1280x720,495,leg extension,frame_000000 frame_000494,video,train
train/leg extension/leg extension_2.MOV,20.15,1920x1080,289,leg extension,frame_000000 frame_000288,video,train
train/leg extension/leg extension_20.mp4,8.34,1280x720,372,leg extension,frame_000000 frame_000371,video,train
train/leg extension/leg extension_22.mp4,4.26,1280x720,186,leg extension,frame_000000 frame_000185,video,train
train/leg extension/leg extension_23.mp4,3.92,1280x720,177,leg extension,frame_000000 frame_000176,video,train
train/leg extension/leg extension_24.mp4,5.04,1280x720,219,leg extension,frame_000000 frame_000218,video,train
train/leg extension/leg extension_25.mp4,4.79,1280x720,207,leg extension,frame_000000 frame_000206,video,train
train/leg extension/leg extension_4.MOV,26.01,1920x1080,371,leg extension,frame_000000 frame_000370,video,train
train/leg extension/leg extension_7.mp4,1.85,1280x720,74,leg extension,frame_000000 frame_000073,video,train
train/leg extension/leg extension_8.mp4,4.08,1280x720,161,leg extension,frame_000000 frame_000160,video,train
train/leg extension/leg_extension_26.mp4,28.19,720x1280,891,leg extension,frame_000000 frame_000890,video,train
train/leg extension/leg_extension_28.mp4,20.33,720x1280,622,leg extension,frame_000000 frame_000621,video,train
train/leg extension/leg_extension_32.mp4,20.99,720x1280,646,leg extension,frame_000000 frame_000645,video,train
train/leg extension/leg_extension_34.webm,1.72,898x506,978,leg extension,frame_000000 frame_000977,video,train
train/leg extension/leg_extension_35.webm,1.01,898x506,269,leg extension,frame_000000 frame_000268,video,train
train/leg extension/leg_extension_36.webm,0.48,504x900,282,leg extension,frame_000000 frame_000281,video,train
train/leg extension/leg_extension_37.webm,0.52,504x900,298,leg extension,frame_000000 frame_000297,video,train
train/leg extension/leg_extension_41.mp4,1.38,854x480,337,leg extension,frame_000000 frame_000336,video,train
train/leg extension/leg_extension_43.mp4,1.48,854x480,258,leg extension,frame_000000 frame_000250,video,train
train/leg extension/leg_extension_44.mp4,5.57,640x360,3578,leg extension,frame_002770 frame_003380,video,train
train/leg extension/leg_extension_45.mp4,2.66,480x854,746,leg extension,frame_000000 frame_000072; frame_000126 frame_000163; frame_000209 frame_000237; frame_000472 frame_000591; frame_000666 frame_000745,video,train
train/leg raises/leg raises_1.MOV,28.71,1920x1080,410,leg raises,frame_000000 frame_000107,video,train
train/leg raises/leg raises_10.mp4,3.08,1280x720,187,leg raises,frame_000000 frame_000186,video,train
train/leg raises/leg raises_11.mp4,4.76,1280x720,248,leg raises,frame_000000 frame_000247,video,train
train/leg raises/leg raises_14.mp4,5.29,1280x720,295,leg raises,frame_000000 frame_000294,video,train
train/leg raises/leg raises_15.mp4,2.76,1280x720,150,leg raises,frame_000000 frame_000149,video,train
train/leg raises/leg raises_17.mp4,8.9,1280x720,325,leg raises,frame_000000 frame_000324,video,train
train/leg raises/leg raises_18.mp4,4.08,1280x720,144,leg raises,frame_000000 frame_000143,video,train
train/leg raises/leg raises_19.mp4,3.04,1280x720,212,leg raises,frame_000000 frame_000211,video,train
train/leg raises/leg raises_20.mp4,1.93,1280x720,67,leg raises,frame_000000 frame_000066,video,train
train/leg raises/leg raises_21.mp4,1.78,1280x720,60,leg raises,frame_000000 frame_000059,video,train
train/leg raises/leg raises_4.MOV,15.69,1920x1080,225,leg raises,frame_000000 frame_000224,video,train
train/leg raises/leg raises_7.mp4,7.94,1280x720,354,leg raises,frame_000000 frame_000353,video,train
train/leg raises/leg raises_8.mp4,6.76,1280x720,340,leg raises,frame_000000 frame_000339,video,train
train/leg raises/leg raises_9.mp4,4.19,1280x720,211,leg raises,frame_000002 frame_000210,video,train
train/leg raises/leg_raises_23.mp4,26.05,720x1280,780,leg raises,frame_000000 frame_000779,video,train
train/leg raises/leg_raises_24.mp4,20.32,720x1280,615,leg raises,frame_000000 frame_000614,video,train
train/leg raises/leg_raises_25.mp4,20.69,720x1280,627,leg raises,frame_000000 frame_000626,video,train
train/leg raises/leg_raises_26.mp4,20.83,720x1280,633,leg raises,frame_000000 frame_000632,video,train
train/leg raises/leg_raises_29.mp4,20.95,720x1280,631,leg raises,frame_000000 frame_000630,video,train
train/leg raises/leg_raises_33.webm,0.42,898x506,582,leg raises,frame_000000 frame_000581,video,train
train/leg raises/leg_raises_35.webm,1.1,900x474,544,leg raises,frame_000000 frame_000543,video,train
train/plank/plank_2.mp4,6.84,1280x720,333,plank,frame_000000 frame_000332,video,train
train/plank/plank_4.mp4,1.28,1280x720,117,plank,frame_000000 frame_000116,video,train
train/plank/plank_5.mp4,9.88,1280x720,752,plank,frame_000000 frame_000751,video,train
train/plank/plank_7.mp4,55.59,640x360,6840,plank,frame_000000 frame_006839,video,train
train/pull Up/pull up_1.mp4,16.07,1920x1080,526,pull Up,frame_000070 frame_000525,video,train
train/pull Up/pull up_11.mp4,1.78,1280x720,220,pull Up,frame_000000 frame_000219,video,train
train/pull Up/pull up_12.mp4,4.22,1280x720,195,pull Up,frame_000000 frame_000194,video,train
train/pull Up/pull up_16.mp4,1.71,1280x720,58,pull Up,frame_000000 frame_000057,video,train
train/pull Up/pull up_2.mp4,14.22,1920x1080,434,pull Up,frame_000040 frame_000391,video,train
train/pull Up/pull up_20.mp4,5.45,1280x720,243,pull Up,frame_000000 frame_000242,video,train
train/pull Up/pull up_23.mp4,2.54,1280x720,126,pull Up,frame_000000 frame_000125,video,train
train/pull Up/pull up_24.mp4,2.16,1280x720,93,pull Up,frame_000000 frame_000092,video,train
train/pull Up/pull up_26.mp4,1.59,1280x720,90,pull Up,frame_000000 frame_000089,video,train
train/pull Up/pull up_3.mp4,23.24,1920x1080,1132,pull Up,frame_000061 frame_001095,video,train
train/pull Up/pull up_5.mp4,1.43,1280x720,145,pull Up,frame_000000 frame_000144,video,train
train/pull Up/pull up_6.mp4,2.87,1280x720,308,pull Up,frame_000000 frame_000307,video,train
train/pull Up/pull up_7.mp4,2.11,1280x720,270,pull Up,frame_000000 frame_000269,video,train
train/pull Up/pull up_9.mp4,2.63,1280x720,365,pull Up,frame_000000 frame_000364,video,train
train/pull Up/pull_Up_27.webm,2.45,596x336,539,pull Up,frame_000000 frame_000390,video,train
train/pull Up/pull_Up_29.webm,1.84,596x336,426,pull Up,frame_000000 frame_000425,video,train
train/pull Up/pull_Up_30.webm,1.64,596x336,395,pull Up,frame_000000 frame_000370,video,train
train/pull Up/pull_Up_31.webm,3.55,600x316,812,pull Up,frame_000000 frame_000811,video,train
train/pull Up/pull_up_10.mp4,14.18,720x1280,422,pull Up,frame_000000 frame_000421,video,train
train/pull Up/pull_up_11.mp4,12.14,720x1280,366,pull Up,frame_000000 frame_000365,video,train
train/pull Up/pull_up_12.mp4,16.45,720x1280,498,pull Up,frame_000000 frame_000497,video,train
train/pull Up/pull_up_2.mp4,13.31,720x1280,404,pull Up,frame_000000 frame_000403,video,train
train/pull Up/pull_up_6.mp4,14.21,720x1280,416,pull Up,frame_000000 frame_000415,video,train
train/pull Up/pull_up_7.mp4,15.84,720x1280,482,pull Up,frame_000000 frame_000481,video,train
train/pull Up/pull_up_9.mp4,13.4,720x1280,401,pull Up,frame_000000 frame_000400,video,train
train/romanian deadlift/romanian deadlift_1.mov,29.23,1920x1440,360,romanian deadlift,frame_000000 frame_000346,video,train
train/romanian deadlift/romanian deadlift_10.mp4,3.58,1280x720,140,romanian deadlift,frame_000000 frame_000139,video,train
train/romanian deadlift/romanian deadlift_11.mp4,2.18,1280x720,102,romanian deadlift,frame_000000 frame_000101,video,train
train/romanian deadlift/romanian deadlift_13.mp4,7.95,1280x720,290,romanian deadlift,frame_000000 frame_000289,video,train
train/romanian deadlift/romanian deadlift_2.MOV,40.59,1920x1440,498,romanian deadlift,frame_000000 frame_000490,video,train
train/romanian deadlift/romanian deadlift_3.mov,33.94,1920x1440,416,romanian deadlift,frame_000000 frame_000395,video,train
train/romanian deadlift/romanian deadlift_6.mp4,2.2,1280x720,88,romanian deadlift,frame_000000 frame_000087,video,train
train/romanian deadlift/romanian deadlift_8.mp4,70.63,1280x720,2558,romanian deadlift,frame_000000 frame_000150; frame_000219 frame_002048; frame_002291 frame_002480,video,train
train/romanian deadlift/romanian deadlift_9.mp4,17.48,1280x720,618,romanian deadlift,frame_000002 frame_000617,video,train
train/romanian deadlift/romanian_deadlift_16.mp4,26.52,720x1280,797,romanian deadlift,frame_000000 frame_000796,video,train
train/romanian deadlift/romanian_deadlift_17.mp4,21.17,720x1280,647,romanian deadlift,frame_000000 frame_000646,video,train
train/romanian deadlift/romanian_deadlift_18.mp4,20.88,720x1280,632,romanian deadlift,frame_000000 frame_000149,video,train
train/romanian deadlift/romanian_deadlift_19.mp4,21.77,720x1280,667,romanian deadlift,frame_000000 frame_000666,video,train
train/romanian deadlift/romanian_deadlift_24.webm,2.74,596x336,605,romanian deadlift,frame_000000 frame_000604,video,train
train/romanian deadlift/romanian_deadlift_26.webm,0.91,898x506,374,romanian deadlift,frame_000000 frame_000373,video,train
train/romanian deadlift/romanian_deadlift_28.webm,0.23,898x506,274,romanian deadlift,frame_000000 frame_000273,video,train
train/russian twist/russian twist_10.mp4,1.34,1280x720,138,russian twist,frame_000000 frame_000137,video,train
train/russian twist/russian twist_12.mp4,1.08,1280x720,146,russian twist,frame_000000 frame_000145,video,train
train/russian twist/russian twist_13.mp4,1.54,1280x720,225,russian twist,frame_000000 frame_000224,video,train
train/russian twist/russian twist_2.mp4,2.76,1280x720,208,russian twist,frame_000000 frame_000207,video,train
train/russian twist/russian twist_3.mp4,3.03,1280x720,214,russian twist,frame_000000 frame_000213,video,train
train/russian twist/russian twist_5.mp4,14.53,1280x720,1445,russian twist,frame_000000 frame_001444,video,train
train/russian twist/russian twist_6.mp4,10.14,1280x714,526,russian twist,frame_000000 frame_000525,video,train
train/russian twist/russian twist_9.mp4,3.71,1280x720,244,russian twist,frame_000000 frame_000243,video,train
train/russian twist/russian_twist_15.webm,0.21,900x474,127,russian twist,frame_000000 frame_000126,video,train
train/russian twist/russian_twist_19.webm,1.12,900x474,288,russian twist,frame_000000 frame_000287,video,train
train/russian twist/russian_twist_20.webm,1.35,600x316,358,russian twist,frame_000000 frame_000357,video,train
train/russian twist/russian_twist_23.mp4,1.34,854x480,864,russian twist,frame_000050 frame_000700,video,train
train/russian twist/russian_twist_24.mp4,2.01,854x480,829,russian twist,frame_000050 frame_000216; frame_000217 frame_000415; frame_000416 frame_000538; frame_000539 frame_000667,video,train
train/russian twist/russian_twist_25.mp4,1.31,854x480,428,russian twist,frame_000070 frame_000360,video,train
train/russian twist/russian_twist_26.mp4,0.87,854x480,401,russian twist,frame_000107 frame_000335,video,train
train/russian twist/russian_twist_27.mp4,1.46,854x480,438,russian twist,frame_000075 frame_000437,video,train
train/russian twist/russian_twist_28.mp4,1.69,608x1080,307,russian twist,frame_000000 frame_000192; frame_000193 frame_000306,video,train
train/russian twist/russian_twist_30.mp4,1.13,854x480,358,russian twist,frame_000170 frame_000282,video,train
train/russian twist/russian_twist_33.mp4,0.34,640x360,164,russian twist,frame_000036 frame_000161,video,train
train/shoulder press/shoulder press_1.MOV,62.36,1920x1080,513,shoulder press,frame_000000 frame_000149,video,train
train/shoulder press/shoulder press_11.mp4,3.72,640x360,210,shoulder press,frame_000000 frame_000149,video,train
train/shoulder press/shoulder press_12.mp4,4.54,640x360,272,shoulder press,frame_000000 frame_000271,video,train
train/shoulder press/shoulder press_13.mp4,3.48,640x360,204,shoulder press,frame_000000 frame_000149,video,train
train/shoulder press/shoulder press_15.mp4,5.38,1280x720,288,shoulder press,frame_000000 frame_000287,video,train
train/shoulder press/shoulder press_16.mp4,6.97,1280x720,312,shoulder press,frame_000000 frame_000311,video,train
train/shoulder press/shoulder press_2.MOV,71.03,1920x1080,585,shoulder press,frame_000000 frame_000149,video,train
train/shoulder press/shoulder press_5.mp4,8.22,1280x720,292,shoulder press,frame_000000 frame_000149,video,train
train/shoulder press/shoulder press_7.mp4,7.14,1280x720,315,shoulder press,frame_000000 frame_000314,video,train
train/shoulder press/shoulder press_9.mp4,7.25,1280x720,270,shoulder press,frame_000000 frame_000269,video,train
train/shoulder press/shoulder_press_19.mp4,30.05,720x1280,911,shoulder press,frame_000000 frame_000910,video,train
train/shoulder press/shoulder_press_20.mp4,21.05,720x1280,639,shoulder press,frame_000000 frame_000638,video,train
train/shoulder press/shoulder_press_23.mp4,20.76,720x1280,625,shoulder press,frame_000000 frame_000624,video,train
train/shoulder press/shoulder_press_24.mp4,20.25,720x1280,618,shoulder press,frame_000000 frame_000617,video,train
train/shoulder press/shoulder_press_27.webm,2.43,596x336,531,shoulder press,frame_000000 frame_000530,video,train
train/shoulder press/shoulder_press_28.webm,0.54,898x506,480,shoulder press,frame_000000 frame_000479,video,train
train/shoulder press/shoulder_press_31.webm,0.4,504x900,282,shoulder press,frame_000000 frame_000281,video,train
train/shoulder press/shoulder_press_33.mp4,0.95,854x480,562,shoulder press,frame_000250 frame_000489,video,train
train/shoulder press/shoulder_press_35.mp4,3.35,854x480,976,shoulder press,frame_000590 frame_000973,video,train
train/shoulder press/shoulder_press_38.mp4,0.63,480x852,288,shoulder press,frame_000000 frame_000287,video,train
train/shoulder press/shoulder_press_39.mp4,3.27,480x854,1075,shoulder press,frame_000370 frame_001074,video,train
train/shoulder press/shoulder_press_40.mp4,1.73,1280x720,352,shoulder press,frame_000140 frame_000351,video,train
train/shoulder press/shoulder_press_41.mp4,2.41,480x854,527,shoulder press,frame_000000 frame_000526,video,train
train/shoulder press/shoulder_press_42.mp4,3.67,480x854,1247,shoulder press,frame_000516 frame_001246,video,train
train/shoulder press/shoulder_press_43.mp4,3.72,854x480,1184,shoulder press,frame_000821 frame_001052; frame_001053 frame_001172,video,train
train/shoulder press/shoulder_press_44.mp4,1.56,480x854,435,shoulder press,frame_000000 frame_000395,video,train
train/shoulder press/shoulder_press_45.mp4,6.9,608x1080,1641,shoulder press,frame_000601 frame_001550,video,train
train/squat/squat_1.MOV,61.52,1920x1080,587,squat,frame_000000 frame_000586,video,train
train/squat/squat_10.mp4,4.17,1280x720,175,squat,frame_000002 frame_000174,video,train
train/squat/squat_11.mp4,3.98,1280x720,144,squat,frame_000000 frame_000143,video,train
train/squat/squat_13.mp4,3.34,1280x720,130,squat,frame_000000 frame_000129,video,train
train/squat/squat_14.mp4,2.42,1280x720,101,squat,frame_000000 frame_000100,video,train
train/squat/squat_15.mp4,6.56,1280x720,280,squat,frame_000000 frame_000586,video,train
train/squat/squat_19.mp4,2.34,1280x720,143,squat,frame_000000 frame_000142,video,train
train/squat/squat_2.MOV,45.28,1920x1080,430,squat,frame_000000 frame_000429,video,train
train/squat/squat_20.mp4,5.6,1280x720,233,squat,frame_000000 frame_000232,video,train
train/squat/squat_21.mp4,7.73,1280x720,348,squat,frame_000000 frame_000347,video,train
train/squat/squat_22.mp4,8.14,1280x720,380,squat,frame_000000 frame_000379,video,train
train/squat/squat_23.mp4,8.77,1280x720,432,squat,frame_000000 frame_000431,video,train
train/squat/squat_24.mp4,3.94,1280x720,198,squat,frame_000000 frame_000197,video,train
train/squat/squat_25.mp4,7.54,1280x720,338,squat,frame_000000 frame_000337,video,train
train/squat/squat_26.mp4,7.65,1280x720,368,squat,frame_000000 frame_000367,video,train
train/squat/squat_28.mp4,8.71,1280x720,378,squat,frame_000000 frame_000377,video,train
train/squat/squat_31.webm,0.25,900x474,231,squat,frame_000000 frame_000230,video,train
train/squat/squat_32.webm,0.3,898x506,574,squat,frame_000000 frame_000573,video,train
train/squat/squat_33.webm,0.69,898x506,700,squat,frame_000000 frame_000699,video,train
train/squat/squat_35.webm,0.33,898x506,408,squat,frame_000000 frame_000407,video,train
train/squat/squat_38.mp4,3.13,854x480,1401,squat,frame_000801 frame_001400,video,train
train/squat/squat_39.mp4,1.99,854x480,1043,squat,frame_000007 frame_000278; frame_000294 frame_000565; frame_000581 frame_000852; frame_000862 frame_001042,video,train
train/squat/squat_40.mp4,1.98,480x854,446,squat,frame_000000 frame_000186; frame_000300 frame_000445,video,train
train/squat/squat_42.mp4,2.69,854x480,601,squat,frame_000000 frame_000149,video,train
train/squat/squat_9.mp4,2.14,1280x720,72,squat,frame_000000 frame_000071,video,train
train/t bar row/t bar row_10.mp4,3.63,1280x720,125,t bar row,frame_000000 frame_000124,video,train
train/t bar row/t bar row_11.mp4,3.24,1280x720,124,t bar row,frame_000000 frame_000123,video,train
train/t bar row/t bar row_14.mp4,3.83,1280x720,139,t bar row,frame_000000 frame_000138,video,train
train/t bar row/t bar row_15.mp4,4.06,1280x720,142,t bar row,frame_000000 frame_000141,video,train
train/t bar row/t bar row_16.mp4,11.01,1280x720,480,t bar row,frame_000000 frame_000479,video,train
train/t bar row/t bar row_17.mp4,8.52,1280x720,390,t bar row,frame_000000 frame_000389,video,train
train/t bar row/t bar row_19.mp4,12.71,1280x720,558,t bar row,frame_000000 frame_000557,video,train
train/t bar row/t bar row_2.MOV,36.11,1920x1080,514,t bar row,frame_000000 frame_000482,video,train
train/t bar row/t bar row_20.mp4,16.71,1280x720,752,t bar row,frame_000000 frame_000751,video,train
train/t bar row/t bar row_21.mp4,9.73,1280x720,423,t bar row,frame_000000 frame_000422,video,train
train/t bar row/t bar row_3.MOV,28.82,1920x1080,414,t bar row,frame_000055 frame_000400,video,train
train/t bar row/t bar row_5.MOV,30.81,1920x1080,445,t bar row,frame_000061 frame_000444,video,train
train/t bar row/t bar row_6.MOV,27.97,1920x1080,404,t bar row,frame_000000 frame_000403,video,train
train/t bar row/t bar row_8.mp4,4.03,1280x720,142,t bar row,frame_000000 frame_000141,video,train
train/t bar row/t_bar_row_22.webm,2.77,596x336,1626,t bar row,frame_000180 frame_000571; frame_000572 frame_000864; frame_000865 frame_001237; frame_001238 frame_001625,video,train
train/t bar row/t_bar_row_24.webm,0.48,504x900,384,t bar row,frame_000000 frame_000383,video,train
train/t bar row/t_bar_row_27.mp4,5.07,854x480,1411,t bar row,frame_000465 frame_000649; frame_000650 frame_000779; frame_000780 frame_001274,video,train
train/t bar row/t_bar_row_30.mp4,2.16,854x480,369,t bar row,frame_000000 frame_000360,video,train
train/t bar row/t_bar_row_31.mp4,2.04,640x360,1106,t bar row,frame_000401 frame_000840,video,train
train/tricep Pushdown/tricep pushdown_1.mp4,0.32,1920x1080,79,tricep Pushdown,frame_000000 frame_000078,video,train
train/tricep Pushdown/tricep pushdown_10.mp4,0.37,1920x1080,90,tricep Pushdown,frame_000000 frame_000089,video,train
train/tricep Pushdown/tricep pushdown_11.mp4,0.38,1920x1080,91,tricep Pushdown,frame_000000 frame_000090,video,train
train/tricep Pushdown/tricep pushdown_13.mp4,0.27,1920x1080,65,tricep Pushdown,frame_000000 frame_000064,video,train
train/tricep Pushdown/tricep pushdown_14.mp4,0.21,1920x1080,52,tricep Pushdown,frame_000000 frame_000051,video,train
train/tricep Pushdown/tricep pushdown_16.mp4,0.35,1920x1080,87,tricep Pushdown,frame_000000 frame_000086,video,train
train/tricep Pushdown/tricep pushdown_17.mp4,0.3,1920x1080,74,tricep Pushdown,frame_000000 frame_000073,video,train
train/tricep Pushdown/tricep pushdown_18.mp4,0.37,1920x1080,91,tricep Pushdown,frame_000000 frame_000090,video,train
train/tricep Pushdown/tricep pushdown_2.mp4,0.32,1920x1080,77,tricep Pushdown,frame_000000 frame_000076,video,train
train/tricep Pushdown/tricep pushdown_20.mp4,0.24,1920x1080,57,tricep Pushdown,frame_000000 frame_000056,video,train
train/tricep Pushdown/tricep pushdown_24.mp4,0.35,1920x1080,87,tricep Pushdown,frame_000000 frame_000086,video,train
train/tricep Pushdown/tricep pushdown_25.mp4,0.29,1920x1080,70,tricep Pushdown,frame_000000 frame_000069,video,train
train/tricep Pushdown/tricep pushdown_26.mp4,0.3,1920x1080,74,tricep Pushdown,frame_000000 frame_000073,video,train
train/tricep Pushdown/tricep pushdown_28.mp4,0.37,1920x1080,90,tricep Pushdown,frame_000000 frame_000089,video,train
train/tricep Pushdown/tricep pushdown_29.mp4,0.34,1920x1080,83,tricep Pushdown,frame_000000 frame_000082,video,train
train/tricep Pushdown/tricep pushdown_3.mp4,0.27,1920x1080,66,tricep Pushdown,frame_000000 frame_000065,video,train
train/tricep Pushdown/tricep pushdown_30.mp4,0.37,1920x1080,91,tricep Pushdown,frame_000000 frame_000090,video,train
train/tricep Pushdown/tricep pushdown_32.mp4,0.35,1920x1080,85,tricep Pushdown,frame_000000 frame_000084,video,train
train/tricep Pushdown/tricep pushdown_36.mp4,0.23,1920x1080,55,tricep Pushdown,frame_000000 frame_000054,video,train
train/tricep Pushdown/tricep pushdown_37.mp4,0.17,1920x1080,41,tricep Pushdown,frame_000000 frame_000040,video,train
train/tricep Pushdown/tricep pushdown_39.mp4,4.3,1280x720,209,tricep Pushdown,frame_000000 frame_000208,video,train
train/tricep Pushdown/tricep pushdown_40.mp4,9.0,1280x720,426,tricep Pushdown,frame_000000 frame_000425,video,train
train/tricep Pushdown/tricep pushdown_47.mp4,1.78,1280x720,99,tricep Pushdown,frame_000000 frame_000098,video,train
train/tricep Pushdown/tricep pushdown_48.mp4,5.86,1280x720,257,tricep Pushdown,frame_000000 frame_000256,video,train
train/tricep Pushdown/tricep pushdown_49.mp4,9.66,1280x720,468,tricep Pushdown,frame_000000 frame_000467,video,train
train/tricep Pushdown/tricep pushdown_50.mp4,4.35,1280x720,192,tricep Pushdown,frame_000000 frame_000191,video,train
train/tricep Pushdown/tricep pushdown_6.mp4,0.29,1920x1080,70,tricep Pushdown,frame_000000 frame_000069,video,train
train/tricep Pushdown/tricep pushdown_7.mp4,0.37,1920x1080,90,tricep Pushdown,frame_000000 frame_000089,video,train
train/tricep Pushdown/tricep_Pushdown_53.mp4,20.66,720x1280,629,tricep Pushdown,frame_000000 frame_000628,video,train
train/tricep Pushdown/tricep_Pushdown_54.mp4,21.84,720x1280,669,tricep Pushdown,frame_000000 frame_000668,video,train
train/tricep Pushdown/tricep_Pushdown_56.mp4,23.48,720x1280,725,tricep Pushdown,frame_000000 frame_000724,video,train
train/tricep Pushdown/tricep_Pushdown_58.mp4,20.12,720x1280,604,tricep Pushdown,frame_000000 frame_000603,video,train
train/tricep Pushdown/tricep_Pushdown_59.mp4,20.77,720x1280,633,tricep Pushdown,frame_000000 frame_000632,video,train
train/tricep Pushdown/tricep_Pushdown_61.webm,0.44,898x506,230,tricep Pushdown,frame_000000 frame_000229,video,train
train/tricep Pushdown/tricep_Pushdown_62.webm,0.47,900x474,331,tricep Pushdown,frame_000000 frame_000330,video,train
train/tricep Pushdown/tricep_Pushdown_63.webm,1.14,596x336,254,tricep Pushdown,frame_000000 frame_000253,video,train
train/tricep Pushdown/tricep_Pushdown_64.webm,0.24,898x506,179,tricep Pushdown,frame_000000 frame_000178,video,train
train/tricep Pushdown/tricep_Pushdown_65.webm,1.05,898x506,451,tricep Pushdown,frame_000000 frame_000450,video,train
train/tricep Pushdown/tricep_Pushdown_66.webm,1.23,600x316,337,tricep Pushdown,frame_000000 frame_000336,video,train
train/tricep dips/tricep dips_1.MOV,41.27,1920x1080,594,tricep dips,,video,train
train/tricep dips/tricep dips_12.mp4,1.68,1280x720,55,tricep dips,frame_000000 frame_000054,video,train
train/tricep dips/tricep dips_13.mp4,3.06,1280x720,110,tricep dips,frame_000000 frame_000109,video,train
train/tricep dips/tricep dips_15.mp4,5.39,1280x720,195,tricep dips,frame_000000 frame_000194,video,train
train/tricep dips/tricep dips_17.mp4,14.72,1280x720,669,tricep dips,frame_000000 frame_000668,video,train
train/tricep dips/tricep dips_18.mp4,13.97,1280x720,606,tricep dips,frame_000000 frame_000605,video,train
train/tricep dips/tricep dips_19.mp4,11.02,1280x720,501,tricep dips,frame_000000 frame_000500,video,train
train/tricep dips/tricep dips_2.MOV,55.39,1920x1080,799,tricep dips,frame_000000 frame_000770,video,train
train/tricep dips/tricep dips_20.mp4,6.68,1280x720,297,tricep dips,frame_000000 frame_000296,video,train
train/tricep dips/tricep dips_3.MOV,34.53,1920x1080,494,tricep dips,frame_000000 frame_000460,video,train
train/tricep dips/tricep dips_4.MOV,13.56,1920x1080,191,tricep dips,frame_000000 frame_000190,video,train
train/tricep dips/tricep dips_5.mp4,7.25,1280x720,348,tricep dips,frame_000000 frame_000347,video,train
train/tricep dips/tricep dips_8.mp4,3.27,1280x720,174,tricep dips,frame_000000 frame_000173,video,train
train/tricep dips/tricep_dips_23.mp4,14.85,720x1280,448,tricep dips,frame_000030 frame_000447,video,train
train/tricep dips/tricep_dips_24.mp4,28.43,720x1280,863,tricep dips,frame_000000 frame_000862,video,train
train/tricep dips/tricep_dips_25.mp4,20.58,720x1280,627,tricep dips,frame_000000 frame_000626,video,train
train/tricep dips/tricep_dips_31.webm,0.27,898x506,265,tricep dips,frame_000000 frame_000264,video,train
train/tricep dips/tricep_dips_34.webm,0.86,504x900,625,tricep dips,frame_000000 frame_000624,video,train
train/tricep dips/tricep_dips_37.webm,0.32,900x474,198,tricep dips,frame_000000 frame_000197,video,train
train/tricep dips/tricep_dips_38.webm,0.41,898x506,394,tricep dips,frame_000000 frame_000393,video,train
train/tricep dips/tricep_dips_39.mp4,18.67,854x480,8557,tricep dips,frame_000400 frame_001065; frame_001415 frame_001880; frame_002328 frame_002637; frame_002970 frame_003285; frame_004070 frame_004385; frame_005225 frame_005530; frame_006145 frame_006465; frame_007140 frame_007450; frame_007810 frame_008040,video,train
train/tricep dips/tricep_dips_40.mp4,3.01,854x480,875,tricep dips,frame_000071 frame_000800,video,train
train/tricep dips/tricep_dips_41.mp4,0.96,640x360,556,tricep dips,frame_000000 frame_000555,video,train
train/tricep dips/tricep_dips_42.mp4,0.38,480x854,143,tricep dips,frame_000000 frame_000142,video,train
train/tricep dips/tricep_dips_43.mp4,15.57,854x480,6288,tricep dips,frame_000563 frame_000749; frame_000750 frame_001035; frame_001036 frame_001229; frame_001230 frame_001438; frame_001439 frame_001564; frame_001565 frame_001759; frame_001760 frame_001967; frame_001968 frame_002186; frame_002187 frame_002396; frame_002709 frame_002875; frame_002876 frame_003103; frame_004341 frame_004458; frame_004459 frame_004628; frame_004629 frame_004850; frame_004851 frame_005269; frame_005270 frame_005408; frame_005409 frame_005547; frame_005548 frame_005739; frame_005740 frame_005910,video,train
train/tricep dips/tricep_dips_44.mp4,2.78,480x854,1077,tricep dips,frame_000551 frame_001076,video,train
train/tricep dips/tricep_dips_45.mp4,1.81,480x480,1065,tricep dips,frame_000000 frame_000016; frame_000122 frame_000817,video,train
val/barbell biceps curl/barbell biceps curl_1.mp4,0.46,1920x1080,114,barbell biceps curl,frame_000000 frame_000113,video,val
val/barbell biceps curl/barbell biceps curl_19.mp4,0.25,1920x1080,60,barbell biceps curl,frame_000000 frame_000059,video,val
val/barbell biceps curl/barbell biceps curl_32.mp4,0.27,1920x1080,65,barbell biceps curl,frame_000000 frame_000064,video,val
val/barbell biceps curl/barbell biceps curl_33.mp4,0.26,1920x1080,62,barbell biceps curl,frame_000000 frame_000061,video,val
val/barbell biceps curl/barbell biceps curl_40.mp4,4.09,1280x720,201,barbell biceps curl,frame_000000 frame_000200,video,val
val/barbell biceps curl/barbell biceps curl_43.mp4,1.96,1280x720,132,barbell biceps curl,frame_000000 frame_000131,video,val
val/barbell biceps curl/barbell biceps curl_47.mp4,2.31,1280x720,120,barbell biceps curl,frame_000000 frame_000119,video,val
val/barbell biceps curl/barbell biceps curl_5.mp4,0.35,1920x1080,82,barbell biceps curl,frame_000000 frame_000081,video,val
val/barbell biceps curl/barbell biceps curl_50.mp4,2.3,1280x720,150,barbell biceps curl,frame_000000 frame_000149,video,val
val/barbell biceps curl/barbell biceps curl_53.mp4,3.58,1280x720,176,barbell biceps curl,frame_000000 frame_000175,video,val
val/barbell biceps curl/barbell biceps curl_56.mp4,4.43,1280x720,213,barbell biceps curl,frame_000000 frame_000212,video,val
val/barbell biceps curl/barbell biceps curl_8.mp4,0.4,1920x1080,98,barbell biceps curl,frame_000000 frame_000097,video,val
val/barbell biceps curl/barbell_biceps_curl_68.mp4,20.96,720x1280,634,barbell biceps curl,frame_000000 frame_000633,video,val
val/barbell biceps curl/barbell_biceps_curl_76.webm,1.14,596x336,482,barbell biceps curl,frame_000000 frame_000481,video,val
val/barbell biceps curl/barbell_biceps_curl_77.mp4,1.96,854x480,328,barbell biceps curl,frame_000000 frame_000323,video,val
val/barbell biceps curl/barbell_biceps_curl_81.mp4,5.2,480x854,1148,barbell biceps curl,frame_000000 frame_000187; frame_000450 frame_001030,video,val
val/lateral raise/lateral raise_1.MOV,44.25,1920x1080,421,lateral raise,frame_000000 frame_000400,video,val
val/lateral raise/lateral raise_11.mp4,7.89,1280x720,278,lateral raise,frame_000000 frame_000277,video,val
val/lateral raise/lateral raise_13.mp4,2.95,1280x720,110,lateral raise,frame_000000 frame_000109,video,val
val/lateral raise/lateral raise_24.mp4,2.48,1280x720,175,lateral raise,frame_000000 frame_000174,video,val
val/lateral raise/lateral raise_29.mp4,5.34,1280x720,188,lateral raise,frame_000000 frame_000187,video,val
val/lateral raise/lateral raise_30.mp4,5.56,1280x720,216,lateral raise,frame_000000 frame_000215,video,val
val/lateral raise/lateral raise_6.MOV,49.81,1920x1080,550,lateral raise,frame_000000 frame_000538,video,val
val/lateral raise/lateral raise_7.mp4,1.59,1280x720,60,lateral raise,frame_000000 frame_000059,video,val
val/lateral raise/lateral_raise_40.mp4,20.35,720x1280,626,lateral raise,frame_000000 frame_000625,video,val
val/lateral raise/lateral_raise_43.mp4,20.84,720x1280,632,lateral raise,frame_000000 frame_000631,video,val
val/lateral raise/lateral_raise_49.webm,1.06,898x506,558,lateral raise,frame_000000 frame_000557,video,val
val/push-up/push-up_12.mp4,0.61,1920x1080,150,push-up,frame_000000 frame_000149,video,val
val/push-up/push-up_14.mp4,0.61,1920x1080,150,push-up,frame_000000 frame_000149,video,val
val/push-up/push-up_2.mp4,0.61,1920x1080,150,push-up,frame_000000 frame_000149,video,val
val/push-up/push-up_34.mp4,0.46,1920x1080,114,push-up,frame_000000 frame_000113,video,val
val/push-up/push-up_42.mp4,0.61,1920x1080,150,push-up,frame_000000 frame_000149,video,val
val/push-up/push-up_43.mp4,0.33,1920x1080,82,push-up,frame_000000 frame_000081,video,val
val/push-up/push-up_47.mp4,0.43,1920x1080,105,push-up,frame_000000 frame_000104,video,val
val/push-up/push-up_53.mp4,8.62,1280x720,663,push-up,frame_000000 frame_000662,video,val
val/push-up/push-up_57.webm,0.32,898x506,264,push-up,frame_000000 frame_000263,video,val
val/push-up/push-up_60.webm,0.38,900x474,386,push-up,frame_000000 frame_000385,video,val
val/push-up/push-up_61.webm,1.68,596x336,521,push-up,frame_000000 frame_000520,video,val
val/push-up/push-up_8.mp4,0.61,1920x1080,150,push-up,frame_000000 frame_000149,video,val
val/bench press/bench press_18.mp4,0.33,1920x1080,81,bench press,frame_000000 frame_000080,video,val
val/bench press/bench press_21.mp4,0.34,1920x1080,82,bench press,frame_000000 frame_000081,video,val
val/bench press/bench press_24.mp4,0.29,1920x1080,70,bench press,frame_000000 frame_000069,video,val
val/bench press/bench press_32.mp4,2.69,1280x720,115,bench press,frame_000000 frame_000114,video,val
val/bench press/bench press_42.mp4,3.39,1280x720,125,bench press,frame_000000 frame_000124,video,val
val/bench press/bench press_50.mp4,1.05,1280x720,50,bench press,frame_000000 frame_000049,video,val
val/bench press/bench press_59.mp4,3.33,1280x720,150,bench press,frame_000000 frame_000149,video,val
val/bench press/bench press_60.mp4,3.31,1280x720,141,bench press,frame_000000 frame_000140,video,val
val/bench press/bench press_7.mp4,0.34,1920x1080,83,bench press,frame_000000 frame_000083,video,val
val/bench press/bench press_9.mp4,0.2,1920x1080,47,bench press,frame_000000 frame_000046,video,val
val/bench press/bench_press_63.mp4,29.75,720x1280,909,bench press,frame_000000 frame_000908,video,val
val/bench press/bench_press_64.mp4,19.91,720x1280,608,bench press,frame_000000 frame_000607,video,val
val/bench press/bench_press_71.webm,0.62,898x506,378,bench press,frame_000000 frame_000377,video,val
val/bench press/bench_press_77.webm,0.51,898x506,334,bench press,frame_000000 frame_000333,video,val
val/bench press/bench_press_78.webm,0.33,898x506,205,bench press,frame_000000 frame_000204,video,val
val/bench press/bench_press_79.webm,0.05,898x506,144,bench press,frame_000000 frame_000143,video,val
val/chest fly machine/chest fly machine_1.mp4,0.61,1920x1080,150,chest fly machine,frame_000000 frame_000149,video,val
val/chest fly machine/chest fly machine_18.mp4,0.54,1920x1080,132,chest fly machine,frame_000000 frame_000131,video,val
val/chest fly machine/chest fly machine_19.mp4,1.26,1920x1080,312,chest fly machine,frame_000000 frame_000311,video,val
val/chest fly machine/chest fly machine_20.mp4,0.82,1920x1080,204,chest fly machine,frame_000000 frame_000203,video,val
val/chest fly machine/chest fly machine_28.mp4,0.95,988x556,78,chest fly machine,frame_000000 frame_000077,video,val
val/chest fly machine/chest fly machine_5.mp4,0.4,1920x1080,97,chest fly machine,frame_000000 frame_000096,video,val
val/chest fly machine/chest_fly_machine_32.mp4,20.65,720x1280,630,chest fly machine,frame_000000 frame_000629,video,val
val/chest fly machine/chest_fly_machine_34.mp4,21.74,720x1280,662,chest fly machine,frame_000000 frame_000661,video,val
val/chest fly machine/chest_fly_machine_35.mp4,21.46,720x1280,660,chest fly machine,frame_000000 frame_000659,video,val
val/chest fly machine/chest_fly_machine_36.mp4,20.24,720x1280,615,chest fly machine,frame_000000 frame_000614,video,val
val/deadlift/deadlift_1.mp4,0.61,1920x1080,150,deadlift,frame_000000 frame_000149,video,val
val/deadlift/deadlift_12.mp4,0.39,1920x1080,94,deadlift,frame_000000 frame_000093,video,val
val/deadlift/deadlift_40.mp4,21.14,720x1280,632,deadlift,frame_000000 frame_000631,video,val
val/deadlift/deadlift_41.webm,0.8,898x506,310,deadlift,frame_000000 frame_000309,video,val
val/deadlift/deadlift_42.webm,0.57,898x506,469,deadlift,frame_000200 frame_000468,video,val
val/deadlift/deadlift_44.webm,1.19,898x506,383,deadlift,frame_000000 frame_000382,video,val
val/deadlift/deadlift_46.webm,0.29,900x474,483,deadlift,frame_000000 frame_000482,video,val
val/deadlift/deadlift_49.webm,0.68,898x506,430,deadlift,frame_000000 frame_000429,video,val
val/deadlift/deadlift_5.mp4,0.6,1920x1080,150,deadlift,frame_000000 frame_000149,video,val
val/deadlift/deadlift_7.mp4,0.61,1920x1080,150,deadlift,frame_000000 frame_000149,video,val
val/decline bench press/dbp_11.mp4,7.06,1280x720,327,decline bench press,frame_000000 frame_000326,video,val
val/decline bench press/dbp_2.MOV,51.28,1920x1080,421,decline bench press,frame_000000 frame_000420,video,val
val/decline bench press/dbp_3.MOV,24.59,1920x1080,201,decline bench press,frame_000000 frame_000003; frame_000018 frame_000200,video,val
val/decline bench press/dbp_6.MOV,79.25,1920x1080,758,decline bench press,frame_000000 frame_000757,video,val
val/decline bench press/decline_bench_press_14.mp4,7.2,1280x720,1373,decline bench press,frame_000530 frame_000694; frame_000695 frame_001030; frame_001031 frame_001305,video,val
val/decline bench press/decline_bench_press_27.mp4,4.27,640x360,1805,decline bench press,frame_000821 frame_001430,video,val
val/decline bench press/decline_bench_press_31.mp4,0.46,568x320,227,decline bench press,frame_000000 frame_000226,video,val
val/hammer curl/hammer curl_10.mp4,2.14,1280x720,84,hammer curl,frame_000000 frame_000083,video,val
val/hammer curl/hammer curl_12.mp4,2.19,1280x720,93,hammer curl,frame_000000 frame_000092,video,val
val/hammer curl/hammer curl_4.MOV,46.2,1920x1080,439,hammer curl,frame_000036 frame_000438,video,val
val/hammer curl/hammer curl_6.MOV,38.02,1920x1080,366,hammer curl,frame_000000 frame_000365,video,val
val/hammer curl/hammer_curl_21.mp4,26.01,720x1280,796,hammer curl,frame_000000 frame_000795,video,val
val/hammer curl/hammer_curl_34.webm,0.82,898x506,753,hammer curl,frame_000000 frame_000752,video,val
val/hammer curl/hammer_curl_35.mp4,27.11,640x360,14347,hammer curl,frame_001785 frame_006650; frame_007951 frame_012790,video,val
val/hammer curl/hammer_curl_38.mp4,1.13,480x854,244,hammer curl,frame_000000 frame_000243,video,val
val/hammer curl/hammer_curl_42.mp4,4.11,480x854,1214,hammer curl,frame_000101 frame_001000,video,val
val/hammer curl/hammer_curl_44.mp4,0.45,202x360,375,hammer curl,frame_000000 frame_000374,video,val
val/hip thrust/Barbell_Hip_Thrust_Tutorial__gluteworkout_AdobeExpress.mp4,1.59,1080x608,120,hip thrust,frame_000000 frame_000119,video,val
val/hip thrust/hip thrust_10.mp4,8.49,1280x720,381,hip thrust,frame_000000 frame_000380,video,val
val/hip thrust/hip thrust_2.MOV,41.93,1920x1440,514,hip thrust,frame_000000 frame_000486,video,val
val/hip thrust/hip thrust_6.mp4,3.27,1280x720,113,hip thrust,frame_000002 frame_000112,video,val
val/hip thrust/hip_thrust_20.webm,0.92,504x900,764,hip thrust,frame_000000 frame_000763,video,val
val/hip thrust/hip_thrust_25.mp4,6.51,480x854,1622,hip thrust,frame_000362 frame_000573; frame_000709 frame_001259,video,val
val/hip thrust/hip_thrust_28.mp4,10.86,480x854,2268,hip thrust,frame_000211 frame_002220,video,val
val/incline bench press/incline bench press_21.mp4,0.39,1920x1080,94,incline bench press,frame_000000 frame_000093,video,val
val/incline bench press/incline bench press_29.mp4,3.35,1280x720,137,incline bench press,frame_000000 frame_000136,video,val
val/incline bench press/incline bench press_4.mp4,0.22,1920x1080,53,incline bench press,frame_000000 frame_000052,video,val
val/incline bench press/incline bench press_5.mp4,0.17,1920x1080,40,incline bench press,frame_000000 frame_000039,video,val
val/incline bench press/incline bench press_6.mp4,0.45,1920x1080,111,incline bench press,frame_000000 frame_000110,video,val
val/incline bench press/incline bench press_8.mp4,0.22,1920x1080,45,incline bench press,frame_000000 frame_000044,video,val
val/incline bench press/incline bench press_9.mp4,0.29,1920x1080,71,incline bench press,frame_000000 frame_000070,video,val
val/incline bench press/incline_bench_press_35.mp4,25.86,720x1280,784,incline bench press,frame_000000 frame_000783,video,val
val/incline bench press/incline_bench_press_38.mp4,21.31,720x1280,651,incline bench press,frame_000000 frame_000650,video,val
val/incline bench press/incline_bench_press_45.webm,0.35,898x506,310,incline bench press,frame_000000 frame_000200,video,val
val/lat pulldown/lat pulldown_10.mp4,0.54,1920x1080,131,lat pulldown,frame_000000 frame_000130,video,val
val/lat pulldown/lat pulldown_18.mp4,0.29,1920x1080,70,lat pulldown,frame_000000 frame_000069,video,val
val/lat pulldown/lat pulldown_19.mp4,0.31,1920x1080,72,lat pulldown,frame_000000 frame_000071,video,val
val/lat pulldown/lat pulldown_2.mp4,0.3,1920x1080,74,lat pulldown,frame_000000 frame_000073,video,val
val/lat pulldown/lat pulldown_25.mp4,0.4,1920x1080,98,lat pulldown,frame_000000 frame_000097,video,val
val/lat pulldown/lat pulldown_29.mp4,2.72,1280x720,126,lat pulldown,frame_000000 frame_000125,video,val
val/lat pulldown/lat pulldown_50.mp4,2.67,1280x720,116,lat pulldown,frame_000000 frame_000115,video,val
val/lat pulldown/lat pulldown_6.mp4,0.41,1920x1080,101,lat pulldown,frame_000000 frame_000100,video,val
val/lat pulldown/lat pulldown_7.mp4,0.61,1920x1080,150,lat pulldown,frame_000000 frame_000149,video,val
val/lat pulldown/lat_pulldown_53.mp4,34.31,720x1280,1042,lat pulldown,frame_000000 frame_001041,video,val
val/lat pulldown/lat_pulldown_59.mp4,21.21,720x1280,644,lat pulldown,frame_000000 frame_000643,video,val
val/lat pulldown/lat_pulldown_65.webm,1.82,596x336,403,lat pulldown,frame_000000 frame_000402,video,val
val/lat pulldown/lat_pulldown_66.webm,0.57,898x506,325,lat pulldown,frame_000000 frame_000324,video,val
val/leg extension/leg extension_11.mp4,3.11,1280x720,116,leg extension,frame_000000 frame_000115,video,val
val/leg extension/leg extension_14.mp4,2.46,1280x720,98,leg extension,frame_000000 frame_000097,video,val
val/leg extension/leg extension_16.mp4,2.81,1280x720,337,leg extension,frame_000000 frame_000336,video,val
val/leg extension/leg extension_19.mp4,2.19,1280x720,96,leg extension,frame_000000 frame_000095,video,val
val/leg extension/leg extension_3.MOV,25.58,1920x1080,365,leg extension,frame_000000 frame_000364,video,val
val/leg extension/leg extension_6.MOV,26.07,1920x1080,373,leg extension,frame_000000 frame_000372,video,val
val/leg extension/leg extension_9.mp4,1.53,1280x720,55,leg extension,frame_000000 frame_000054,video,val
val/leg extension/leg_extension_27.mp4,30.34,720x1280,929,leg extension,frame_000000 frame_000928,video,val
val/leg extension/leg_extension_31.mp4,20.68,720x1280,630,leg extension,frame_000000 frame_000629,video,val
val/leg raises/leg raises_13.mp4,3.55,1280x720,181,leg raises,frame_000000 frame_000180,video,val
val/leg raises/leg raises_3.MOV,25.21,1920x1080,361,leg raises,frame_000000 frame_000360,video,val
val/leg raises/leg raises_5.MOV,33.09,1920x1080,474,leg raises,frame_000000 frame_000473,video,val
val/leg raises/leg_raises_22.mp4,30.54,720x1280,916,leg raises,frame_000000 frame_000915,video,val
val/leg raises/leg_raises_27.mp4,19.0,720x1280,577,leg raises,frame_000000 frame_000576,video,val
val/leg raises/leg_raises_31.webm,0.92,504x900,516,leg raises,frame_000000 frame_000515,video,val
val/leg raises/leg_raises_32.webm,3.26,596x336,1801,leg raises,frame_000300 frame_000865; frame_000866 frame_001442; frame_001443 frame_001799,video,val
val/plank/plank_3.mp4,0.9,1280x720,77,plank,frame_000000 frame_000076,video,val
val/pull Up/pull up_10.mp4,1.99,1280x720,243,pull Up,frame_000000 frame_000242,video,val
val/pull Up/pull up_13.mp4,3.08,1280x720,402,pull Up,frame_000000 frame_000401,video,val
val/pull Up/pull up_15.mp4,4.75,1280x720,165,pull Up,frame_000000 frame_000201,video,val
val/pull Up/pull up_19.mp4,1.43,1280x720,46,pull Up,frame_000000 frame_000045,video,val
val/pull Up/pull up_25.mp4,1.95,1280x720,81,pull Up,frame_000000 frame_000080,video,val
val/pull Up/pull_Up_28.webm,1.2,596x336,398,pull Up,frame_000000 frame_000352,video,val
val/pull Up/pull_up_1.mp4,16.45,720x1280,487,pull Up,frame_000000 frame_000486,video,val
val/pull Up/pull_up_4.mp4,14.96,720x1280,450,pull Up,frame_000000 frame_000449,video,val
val/pull Up/pull_up_8.mp4,14.66,720x1280,439,pull Up,frame_000000 frame_000438,video,val
val/romanian deadlift/romanian deadlift_12.mp4,6.06,1280x720,225,romanian deadlift,frame_000000 frame_000224,video,val
val/romanian deadlift/romanian deadlift_5.mp4,6.2,1280x720,242,romanian deadlift,frame_000000 frame_000241,video,val
val/romanian deadlift/romanian_deadlift_20.mp4,23.65,720x1280,720,romanian deadlift,frame_000000 frame_000719,video,val
val/romanian deadlift/romanian_deadlift_21.mp4,20.54,720x1280,623,romanian deadlift,frame_000000 frame_000622,video,val
val/romanian deadlift/romanian_deadlift_22.mp4,21.98,720x1280,672,romanian deadlift,frame_000000 frame_000671,video,val
val/romanian deadlift/romanian_deadlift_27.webm,1.0,898x506,475,romanian deadlift,frame_000000 frame_000474,video,val
val/russian twist/russian twist_1.MOV,73.15,1920x1080,1054,russian twist,frame_000000 frame_001053,video,val
val/russian twist/russian twist_7.mp4,3.71,1280x720,247,russian twist,frame_000000 frame_000246,video,val
val/russian twist/russian_twist_16.webm,2.08,596x336,581,russian twist,frame_000000 frame_000580,video,val
val/russian twist/russian_twist_17.webm,1.34,596x336,369,russian twist,frame_000000 frame_000368,video,val
val/russian twist/russian_twist_21.mp4,0.46,640x360,247,russian twist,frame_000000 frame_000246,video,val
val/russian twist/russian_twist_29.mp4,1.03,608x1080,341,russian twist,frame_000000 frame_000340,video,val
val/russian twist/russian_twist_32.mp4,1.22,854x480,514,russian twist,frame_000000 frame_000513,video,val
val/shoulder press/shoulder press_17.mp4,7.37,1280x720,249,shoulder press,frame_000000 frame_000248,video,val
val/shoulder press/shoulder press_3.MOV,43.81,1920x1080,396,shoulder press,frame_000000 frame_000149,video,val
val/shoulder press/shoulder press_4.MOV,51.39,1920x1080,420,shoulder press,frame_000000 frame_000149,video,val
val/shoulder press/shoulder press_6.mp4,3.58,1280x720,156,shoulder press,frame_000000 frame_000155,video,val
val/shoulder press/shoulder_press_21.mp4,21.63,720x1280,651,shoulder press,frame_000000 frame_000650,video,val
val/shoulder press/shoulder_press_26.webm,0.51,898x506,593,shoulder press,frame_000000 frame_000592,video,val
val/shoulder press/shoulder_press_32.mp4,1.6,854x480,710,shoulder press,frame_000163 frame_000149; frame_000439 frame_000578,video,val
val/shoulder press/shoulder_press_34.mp4,3.97,854x480,1347,shoulder press,frame_000780 frame_001346,video,val
val/shoulder press/shoulder_press_36.mp4,1.08,854x450,245,shoulder press,frame_000000 frame_000244,video,val
val/squat/squat_12.mp4,3.14,1280x720,113,squat,frame_000000 frame_000112,video,val
val/squat/squat_16.mp4,1.4,1280x720,47,squat,frame_000000 frame_000046,video,val
val/squat/squat_17.mp4,1.72,1280x720,110,squat,frame_000000 frame_000109,video,val
val/squat/squat_18.mp4,1.52,1280x720,93,squat,frame_000000 frame_000092,video,val
val/squat/squat_36.mp4,1.56,854x480,363,squat,frame_000000 frame_000358,video,val
val/squat/squat_6.MOV,65.98,1920x1080,664,squat,frame_000000 frame_000663,video,val
val/squat/squat_7.mp4,1.39,1280x720,58,squat,frame_000000 frame_000057,video,val
val/squat/squat_8.mp4,2.86,1280x720,101,squat,frame_000000 frame_000100,video,val
val/t bar row/t bar row_1.MOV,23.4,1920x1080,334,t bar row,frame_000000 frame_000295,video,val
val/t bar row/t bar row_18.mp4,9.11,1280x720,393,t bar row,frame_000000 frame_000392,video,val
val/t bar row/t bar row_4.MOV,30.91,1920x1080,445,t bar row,frame_000110 frame_000444,video,val
val/t bar row/t_bar_row_26.mp4,1.94,640x360,1118,t bar row,frame_000555 frame_000906,video,val
val/t bar row/t_bar_row_29.mp4,3.9,854x480,1916,t bar row,frame_001071 frame_001870,video,val
val/t bar row/t_bar_row_32.mp4,2.51,1280x720,350,t bar row,frame_000031 frame_000310,video,val
val/t bar row/t_bar_row_33.mp4,4.96,640x480,1621,t bar row,frame_001061 frame_001510,video,val
val/tricep Pushdown/tricep pushdown_12.mp4,0.41,1920x1080,98,tricep Pushdown,frame_000000 frame_000097,video,val
val/tricep Pushdown/tricep pushdown_15.mp4,0.24,1920x1080,59,tricep Pushdown,frame_000000 frame_000058,video,val
val/tricep Pushdown/tricep pushdown_21.mp4,0.2,1920x1080,50,tricep Pushdown,frame_000000 frame_000049,video,val
val/tricep Pushdown/tricep pushdown_27.mp4,0.32,1920x1080,78,tricep Pushdown,frame_000000 frame_000077,video,val
val/tricep Pushdown/tricep pushdown_34.mp4,0.25,1920x1080,61,tricep Pushdown,frame_000000 frame_000060,video,val
val/tricep Pushdown/tricep pushdown_35.mp4,0.25,1920x1080,60,tricep Pushdown,frame_000000 frame_000059,video,val
val/tricep Pushdown/tricep pushdown_42.mp4,10.39,1280x720,471,tricep Pushdown,frame_000000 frame_000470,video,val
val/tricep Pushdown/tricep pushdown_43.mp4,5.86,1280x720,194,tricep Pushdown,frame_000000 frame_000193,video,val
val/tricep Pushdown/tricep pushdown_46.mp4,5.06,1280x720,225,tricep Pushdown,frame_000000 frame_000224,video,val
val/tricep Pushdown/tricep pushdown_5.mp4,0.23,1920x1080,57,tricep Pushdown,frame_000000 frame_000056,video,val
val/tricep Pushdown/tricep_Pushdown_52.mp4,30.98,720x1280,951,tricep Pushdown,frame_000000 frame_000950,video,val
val/tricep Pushdown/tricep_Pushdown_55.mp4,21.26,720x1280,651,tricep Pushdown,frame_000000 frame_000650,video,val
val/tricep Pushdown/tricep_Pushdown_57.mp4,20.69,720x1280,631,tricep Pushdown,frame_000000 frame_000630,video,val
val/tricep dips/tricep dips_10.mp4,10.12,1280x720,447,tricep dips,frame_000000 frame_000446,video,val
val/tricep dips/tricep dips_11.mp4,8.3,1280x720,369,tricep dips,frame_000000 frame_000368,video,val
val/tricep dips/tricep dips_16.mp4,7.46,1280x720,324,tricep dips,frame_000000 frame_000323,video,val
val/tricep dips/tricep dips_6.mp4,6.97,1280x720,333,tricep dips,frame_000000 frame_000332,video,val
val/tricep dips/tricep_dips_21.mp4,16.9,720x1280,494,tricep dips,frame_000000 frame_000493,video,val
val/tricep dips/tricep_dips_22.mp4,20.5,720x1280,626,tricep dips,frame_000000 frame_000625,video,val
val/tricep dips/tricep_dips_27.mp4,20.2,720x1280,620,tricep dips,frame_000000 frame_000619,video,val
val/tricep dips/tricep_dips_28.mp4,18.88,720x1280,575,tricep dips,frame_000000 frame_000574,video,val
val/tricep dips/tricep_dips_36.webm,0.94,596x336,238,tricep dips,frame_000000 frame_000237,video,val
test/barbell biceps curl/barbell biceps curl_12.mp4,0.5,1920x1080,123,barbell biceps curl,frame_000000 frame_000122,video,test
test/barbell biceps curl/barbell biceps curl_13.mp4,0.5,1920x1080,122,barbell biceps curl,frame_000000 frame_000121,video,test
test/barbell biceps curl/barbell biceps curl_2.mp4,0.32,1920x1080,77,barbell biceps curl,frame_000000 frame_000076,video,test
test/barbell biceps curl/barbell biceps curl_21.mp4,0.24,1920x1080,58,barbell biceps curl,frame_000000 frame_000057,video,test
test/barbell biceps curl/barbell biceps curl_22.mp4,0.24,1920x1080,58,barbell biceps curl,frame_000000 frame_000057,video,test
test/barbell biceps curl/barbell biceps curl_25.mp4,0.32,1920x1080,78,barbell biceps curl,frame_000000 frame_000077,video,test
test/barbell biceps curl/barbell biceps curl_34.mp4,0.26,1920x1080,63,barbell biceps curl,frame_000000 frame_000062,video,test
test/barbell biceps curl/barbell biceps curl_35.mp4,0.24,1920x1080,58,barbell biceps curl,frame_000000 frame_000057,video,test
test/barbell biceps curl/barbell biceps curl_36.mp4,0.21,1920x1080,50,barbell biceps curl,frame_000000 frame_000049,video,test
test/barbell biceps curl/barbell biceps curl_38.mp4,0.24,1920x1080,59,barbell biceps curl,frame_000000 frame_000058,video,test
test/barbell biceps curl/barbell biceps curl_41.mp4,4.16,1280x720,201,barbell biceps curl,frame_000000 frame_000200,video,test
test/barbell biceps curl/barbell biceps curl_59.mp4,3.65,1280x720,194,barbell biceps curl,frame_000000 frame_000193,video,test
test/barbell biceps curl/barbell_biceps_curl_65.mp4,22.34,720x1280,681,barbell biceps curl,frame_000000 frame_000680,video,test
test/barbell biceps curl/barbell_biceps_curl_70.mp4,21.12,720x1280,638,barbell biceps curl,frame_000000 frame_000637,video,test
test/barbell biceps curl/barbell_biceps_curl_73.mp4,6.28,654x480,2405,barbell biceps curl,frame_000000 frame_000139; frame_000850 frame_001030; frame_001031 frame_001259; frame_001260 frame_001354; frame_001355 frame_001514; frame_001515 frame_001755; frame_001756 frame_001873; frame_001874 frame_002041; frame_002042 frame_002221; frame_002222 frame_002306; frame_002307 frame_002404,video,test
test/barbell biceps curl/barbell_biceps_curl_74.webm,0.98,596x336,219,barbell biceps curl,frame_000061 frame_000218,video,test
test/barbell biceps curl/barbell_biceps_curl_80.mp4,0.43,854x480,421,barbell biceps curl,frame_000000 frame_000420,video,test
test/lateral raise/lateral raise_16.mp4,2.26,1280x720,120,lateral raise,frame_000000 frame_000119,video,test
test/lateral raise/lateral raise_20.mp4,2.59,1280x720,99,lateral raise,frame_000000 frame_000098,video,test
test/lateral raise/lateral raise_28.mp4,7.15,1280x720,271,lateral raise,frame_000000 frame_000270,video,test
test/lateral raise/lateral raise_3.MOV,45.49,1920x1080,432,lateral raise,frame_000000 frame_000415,video,test
test/lateral raise/lateral raise_31.mp4,6.6,1280x720,294,lateral raise,frame_000000 frame_000293,video,test
test/lateral raise/lateral raise_34.mp4,5.86,1280x720,261,lateral raise,frame_000000 frame_000260,video,test
test/lateral raise/lateral raise_5.MOV,61.34,1920x1080,585,lateral raise,frame_000000 frame_000584,video,test
test/lateral raise/lateral raise_9.mp4,4.85,1280x720,166,lateral raise,frame_000003 frame_000165,video,test
test/lateral raise/lateral_raise_39.mp4,25.87,720x1280,784,lateral raise,frame_000000 frame_000783,video,test
test/lateral raise/lateral_raise_47.webm,1.06,898x506,550,lateral raise,frame_000000 frame_000549,video,test
test/lateral raise/lateral_raise_51.webm,0.53,898x506,731,lateral raise,frame_000000 frame_000730,video,test
test/push-up/push-up_10.mp4,0.61,1920x1080,150,push-up,frame_000000 frame_000149,video,test
test/push-up/push-up_17.mp4,0.37,1920x1080,91,push-up,frame_000000 frame_000090,video,test
test/push-up/push-up_19.mp4,0.61,1920x1080,150,push-up,frame_000000 frame_000149,video,test
test/push-up/push-up_29.mp4,0.61,1920x1080,150,push-up,frame_000000 frame_000149,video,test
test/push-up/push-up_32.mp4,0.65,1920x1080,150,push-up,frame_000000 frame_000149,video,test
test/push-up/push-up_36.mp4,0.61,1920x1080,150,push-up,frame_000000 frame_000149,video,test
test/push-up/push-up_40.mp4,0.61,1920x1080,150,push-up,frame_000000 frame_000149,video,test
test/push-up/push-up_45.mp4,0.61,1920x1080,150,push-up,frame_000000 frame_000149,video,test
test/push-up/push-up_48.mp4,0.61,1920x1080,150,push-up,frame_000000 frame_000149,video,test
test/push-up/push-up_49.mp4,0.61,1920x1080,150,push-up,frame_000000 frame_000149,video,test
test/push-up/push-up_51.mp4,1.98,1280x720,133,push-up,frame_000000 frame_000066; frame_000072 frame_000132,video,test
test/push-up/push-up_56.mp4,7.97,1280x720,584,push-up,frame_000000 frame_000583,video,test
test/push-up/push-up_58.webm,0.26,900x474,304,push-up,frame_000000 frame_000303,video,test
test/bench press/bench press_13.mp4,0.32,1920x1080,78,bench press,frame_000000 frame_000077,video,test
test/bench press/bench press_16.mp4,0.29,1920x1080,72,bench press,frame_000000 frame_000071,video,test
test/bench press/bench press_17.mp4,0.43,1920x1080,104,bench press,frame_000000 frame_000103,video,test
test/bench press/bench press_28.mp4,0.42,1920x1080,103,bench press,frame_000000 frame_000102,video,test
test/bench press/bench press_35.mp4,1.25,1280x720,66,bench press,frame_000000 frame_000065,video,test
test/bench press/bench press_36.mp4,3.63,1280x720,139,bench press,frame_000000 frame_000138,video,test
test/bench press/bench press_38.mp4,1.41,1280x720,60,bench press,frame_000000 frame_000059,video,test
test/bench press/bench press_40.mp4,6.19,1280x720,225,bench press,frame_000000 frame_000224,video,test
test/bench press/bench press_46.mp4,1.22,1280x720,45,bench press,frame_000000 frame_000044,video,test
test/bench press/bench press_47.mp4,1.4,1280x720,65,bench press,frame_000000 frame_000064,video,test
test/bench press/bench press_53.mp4,1.13,1280x720,43,bench press,frame_000000 frame_000042,video,test
test/bench press/bench press_56.mp4,2.96,1280x720,107,bench press,frame_000000 frame_000106,video,test
test/bench press/bench press_8.mp4,0.34,1920x1080,83,bench press,frame_000000 frame_000082,video,test
test/bench press/bench_press_69.mp4,21.35,720x1280,651,bench press,frame_000000 frame_000650,video,test
test/bench press/bench_press_72.webm,0.73,900x474,373,bench press,frame_000000 frame_000372,video,test
test/bench press/bench_press_74.webm,0.8,898x506,535,bench press,frame_000000 frame_000534,video,test
test/chest fly machine/chest fly machine_15.mp4,0.6,1920x1080,148,chest fly machine,frame_000000 frame_000147,video,test
test/chest fly machine/chest fly machine_2.mp4,0.42,1920x1080,104,chest fly machine,frame_000000 frame_000103,video,test
test/chest fly machine/chest fly machine_27.mp4,1.08,988x556,90,chest fly machine,frame_000000 frame_000089,video,test
test/chest fly machine/chest_fly_machine_33.mp4,20.64,720x1280,631,chest fly machine,frame_000000 frame_000630,video,test
test/chest fly machine/chest_fly_machine_39.webm,0.73,898x506,500,chest fly machine,frame_000000 frame_000499,video,test
test/chest fly machine/chest_fly_machine_41.webm,1.72,898x506,1411,chest fly machine,frame_000000 frame_001410,video,test
test/chest fly machine/chest_fly_machine_45.webm,1.17,596x336,317,chest fly machine,frame_000000 frame_000316,video,test
test/chest fly machine/chest_fly_machine_47.webm,1.99,596x336,442,chest fly machine,frame_000000 frame_000441,video,test
test/chest fly machine/chest_fly_machine_49.mp4,1.19,640x360,929,chest fly machine,frame_000376 frame_000582; frame_000595 frame_000863,video,test
test/chest fly machine/chest_fly_machine_50.mp4,0.77,640x338,453,chest fly machine,frame_000000 frame_000452,video,test
test/deadlift/deadlift_10.mp4,0.61,1920x1080,150,deadlift,frame_000000 frame_000149,video,test
test/deadlift/deadlift_13.mp4,1.06,1920x1080,263,deadlift,frame_000000 frame_000262,video,test
test/deadlift/deadlift_16.mp4,0.44,1920x1080,109,deadlift,frame_000000 frame_000108,video,test
test/deadlift/deadlift_22.mp4,0.3,1920x1080,70,deadlift,frame_000000 frame_000069,video,test
test/deadlift/deadlift_23.mp4,0.3,1920x1080,72,deadlift,frame_000000 frame_000071,video,test
test/deadlift/deadlift_29.mp4,2.56,1280x720,103,deadlift,frame_000000 frame_000102,video,test
test/deadlift/deadlift_35.mp4,21.01,720x1280,647,deadlift,frame_000000 frame_000646,video,test
test/deadlift/deadlift_4.mp4,0.61,1920x1080,150,deadlift,frame_000000 frame_000149,video,test
test/deadlift/deadlift_43.webm,0.94,900x474,346,deadlift,frame_000035 frame_000090; frame_000125 frame_000200; frame_000260 frame_000323,video,test
test/deadlift/deadlift_9.mp4,0.61,1920x1080,147,deadlift,frame_000000 frame_000146,video,test
test/decline bench press/dbp_4.MOV,84.17,1920x1080,694,decline bench press,frame_000000 frame_000693,video,test
test/decline bench press/dbp_5.MOV,85.13,1920x1080,801,decline bench press,frame_000000 frame_000800,video,test
test/decline bench press/decline_bench_press_15.mp4,7.73,1280x720,1405,decline bench press,frame_000700 frame_001225,video,test
test/decline bench press/decline_bench_press_18.mp4,2.28,360x640,1174,decline bench press,frame_000000 frame_001173,video,test
test/decline bench press/decline_bench_press_22.mp4,2.6,640x360,1402,decline bench press,frame_000226 frame_001305,video,test
test/decline bench press/decline_bench_press_30.mp4,1.73,640x360,2117,decline bench press,frame_000446 frame_001180; frame_001316 frame_002000,video,test
test/decline bench press/decline_bench_press_32.mp4,0.86,360x640,586,decline bench press,frame_000246 frame_000585,video,test
test/hammer curl/hammer curl_1.MOV,41.47,1920x1080,394,hammer curl,frame_000000 frame_000393,video,test
test/hammer curl/hammer curl_18.mp4,1.6,1080x608,93,hammer curl,frame_000000 frame_000092,video,test
test/hammer curl/hammer curl_3.MOV,51.58,1920x1080,491,hammer curl,frame_000041 frame_000490,video,test
test/hammer curl/hammer curl_7.MOV,47.93,1920x1080,480,hammer curl,frame_000000 frame_000479,video,test
test/hammer curl/hammer curl_9.mp4,3.29,1280x720,141,hammer curl,frame_000000 frame_000140,video,test
test/hammer curl/hammer_curl_25.mp4,21.02,720x1280,639,hammer curl,frame_000000 frame_000638,video,test
test/hammer curl/hammer_curl_28.webm,1.46,898x506,743,hammer curl,frame_000000 frame_000742,video,test
test/hammer curl/hammer_curl_30.webm,2.01,596x336,547,hammer curl,frame_000000 frame_000546,video,test
test/hammer curl/hammer_curl_32.webm,0.42,898x506,584,hammer curl,frame_000000 frame_000583,video,test
test/hammer curl/hammer_curl_36.mp4,1.03,360x640,361,hammer curl,frame_000000 frame_000360,video,test
test/hip thrust/hip thrust_16.mp4,4.31,1280x720,153,hip thrust,frame_000000 frame_000152,video,test
test/hip thrust/hip thrust_17.mp4,1.83,1280x720,73,hip thrust,frame_000000 frame_000072,video,test
test/hip thrust/hip thrust_7.mp4,6.76,1280x720,299,hip thrust,frame_000000 frame_000298,video,test
test/hip thrust/hip thrust_8.mp4,3.38,1280x720,150,hip thrust,frame_000000 frame_000149,video,test
test/hip thrust/hip_thrust_21.webm,1.11,504x900,802,hip thrust,frame_000000 frame_000801,video,test
test/hip thrust/hip_thrust_22.webm,1.78,504x900,865,hip thrust,frame_000000 frame_000864,video,test
test/hip thrust/hip_thrust_26.mp4,31.63,640x360,13688,hip thrust,frame_000000 frame_000196; frame_002355 frame_003900; frame_005375 frame_006410; frame_007450 frame_008200; frame_008765 frame_009505; frame_010600 frame_011060; frame_012135 frame_012600,video,test
test/hip thrust/hip_thrust_36.mp4,0.8,480x854,347,hip thrust,frame_000000 frame_000270,video,test
test/incline bench press/incline bench press_15.mp4,0.35,1920x1080,87,incline bench press,frame_000000 frame_000086,video,test
test/incline bench press/incline bench press_16.mp4,0.26,1920x1080,62,incline bench press,frame_000000 frame_000061,video,test
test/incline bench press/incline bench press_17.mp4,0.31,1920x1080,75,incline bench press,frame_000000 frame_000074,video,test
test/incline bench press/incline bench press_18.mp4,0.45,1920x1080,110,incline bench press,frame_000000 frame_000109,video,test
test/incline bench press/incline bench press_24.mp4,0.33,1920x1080,78,incline bench press,frame_000000 frame_000077,video,test
test/incline bench press/incline bench press_25.mp4,0.32,1920x1080,74,incline bench press,frame_000000 frame_000073,video,test
test/incline bench press/incline bench press_26.mp4,22.15,1280x720,989,incline bench press,frame_000000 frame_000988,video,test
test/incline bench press/incline_bench_press_36.mp4,21.04,720x1280,642,incline bench press,frame_000000 frame_000641,video,test
test/incline bench press/incline_bench_press_43.webm,2.32,898x506,992,incline bench press,frame_000000 frame_000991,video,test
test/incline bench press/incline_bench_press_47.webm,0.59,900x474,1153,incline bench press,frame_000175 frame_001025,video,test
test/lat pulldown/lat pulldown_14.mp4,0.44,1920x1080,109,lat pulldown,frame_000000 frame_000108,video,test
test/lat pulldown/lat pulldown_15.mp4,0.61,1920x1080,150,lat pulldown,frame_000000 frame_000149,video,test
test/lat pulldown/lat pulldown_21.mp4,0.25,1920x1080,60,lat pulldown,frame_000000 frame_000059,video,test
test/lat pulldown/lat pulldown_23.mp4,0.43,1920x1080,106,lat pulldown,frame_000000 frame_000105,video,test
test/lat pulldown/lat pulldown_3.mp4,0.29,1920x1080,69,lat pulldown,frame_000000 frame_000068,video,test
test/lat pulldown/lat pulldown_33.mp4,1.71,1280x720,58,lat pulldown,frame_000000 frame_000057,video,test
test/lat pulldown/lat pulldown_41.mp4,3.53,1280x720,159,lat pulldown,frame_000000 frame_000158,video,test
test/lat pulldown/lat pulldown_45.mp4,5.02,1280x720,222,lat pulldown,frame_000000 frame_000221,video,test
test/lat pulldown/lat pulldown_48.mp4,6.13,1280x720,287,lat pulldown,frame_000000 frame_000139; frame_000199 frame_000286,video,test
test/lat pulldown/lat pulldown_49.mp4,5.97,1280x720,258,lat pulldown,frame_000000 frame_000257,video,test
test/lat pulldown/lat pulldown_51.mp4,2.25,1280x720,77,lat pulldown,frame_000003 frame_000076,video,test
test/lat pulldown/lat pulldown_8.mp4,0.61,1920x1080,149,lat pulldown,frame_000000 frame_000148,video,test
test/lat pulldown/lat_pulldown_58.mp4,21.39,720x1280,645,lat pulldown,frame_000000 frame_000644,video,test
test/lat pulldown/lat_pulldown_62.webm,0.87,898x506,420,lat pulldown,frame_000000 frame_000419,video,test
test/leg extension/leg extension_21.mp4,3.12,1280x720,141,leg extension,frame_000000 frame_000140,video,test
test/leg extension/leg extension_5.MOV,26.5,1920x1080,378,leg extension,frame_000000 frame_000377,video,test
test/leg extension/leg_extension_29.mp4,22.19,720x1280,683,leg extension,frame_000000 frame_000682,video,test
test/leg extension/leg_extension_30.mp4,20.76,720x1280,632,leg extension,frame_000000 frame_000631,video,test
test/leg extension/leg_extension_33.mp4,20.27,720x1280,620,leg extension,frame_000000 frame_000619,video,test
test/leg extension/leg_extension_38.webm,2.1,596x336,715,leg extension,frame_000000 frame_000714,video,test
test/leg extension/leg_extension_39.mp4,1.04,854x480,723,leg extension,frame_000261 frame_000722,video,test
test/leg extension/leg_extension_40.mp4,1.81,854x480,553,leg extension,frame_000271 frame_000506,video,test
test/leg extension/leg_extension_42.mp4,2.59,640x360,1277,leg extension,frame_000560 frame_000809; frame_000869 frame_001148,video,test
test/leg raises/leg raises_12.mp4,3.43,1280x720,190,leg raises,frame_000000 frame_000189,video,test
test/leg raises/leg raises_16.mp4,6.3,1280x720,219,leg raises,frame_000000 frame_000218,video,test
test/leg raises/leg raises_2.MOV,30.83,1920x1080,444,leg raises,frame_000000 frame_000443,video,test
test/leg raises/leg raises_6.MOV,24.55,1920x1080,351,leg raises,frame_000000 frame_000350,video,test
test/leg raises/leg_raises_28.mp4,20.26,720x1280,618,leg raises,frame_000000 frame_000617,video,test
test/leg raises/leg_raises_30.mp4,1.06,1280x676,255,leg raises,frame_000000 frame_000254,video,test
test/leg raises/leg_raises_34.webm,0.42,898x506,582,leg raises,frame_000000 frame_000581,video,test
test/plank/plank_1.MOV,76.63,1920x1080,1104,plank,frame_000000 frame_000103,video,test
test/plank/plank_6.mp4,12.24,1280x720,664,plank,frame_000000 frame_000663,video,test
test/pull Up/pull up_14.mp4,3.4,1280x720,202,pull Up,frame_000000 frame_000201,video,test
test/pull Up/pull up_17.mp4,2.15,1280x720,75,pull Up,frame_000000 frame_000074,video,test
test/pull Up/pull up_18.mp4,2.63,1280x720,86,pull Up,frame_000000 frame_000085,video,test
test/pull Up/pull up_21.mp4,5.84,1280x720,255,pull Up,frame_000021 frame_000254,video,test
test/pull Up/pull up_22.mp4,4.69,1280x720,210,pull Up,frame_000000 frame_000209,video,test
test/pull Up/pull up_4.mp4,23.69,1920x1080,575,pull Up,frame_000160 frame_000550,video,test
test/pull Up/pull up_8.mp4,2.42,1280x720,140,pull Up,frame_000000 frame_000139,video,test
test/pull Up/pull_up_3.mp4,13.24,720x1280,397,pull Up,frame_000000 frame_000396,video,test
test/pull Up/pull_up_5.mp4,16.21,720x1280,491,pull Up,frame_000000 frame_000490,video,test
test/romanian deadlift/romanian deadlift_14.mp4,7.84,1280x720,330,romanian deadlift,frame_000000 frame_000329,video,test
test/romanian deadlift/romanian deadlift_4.MOV,30.6,1920x1440,376,romanian deadlift,frame_000000 frame_000349,video,test
test/romanian deadlift/romanian deadlift_7.mp4,9.37,1280x720,366,romanian deadlift,frame_000000 frame_000067; frame_000314 frame_000365,video,test
test/romanian deadlift/romanian_deadlift_15.mp4,30.79,720x1280,944,romanian deadlift,frame_000000 frame_000943,video,test
test/romanian deadlift/romanian_deadlift_23.webm,0.29,898x506,194,romanian deadlift,frame_000000 frame_000193,video,test
test/romanian deadlift/romanian_deadlift_25.webm,1.19,596x336,729,romanian deadlift,frame_000000 frame_000728,video,test
test/russian twist/russian twist_11.mp4,1.42,1280x720,183,russian twist,frame_000000 frame_000182,video,test
test/russian twist/russian twist_4.mp4,3.0,1280x720,554,russian twist,frame_000000 frame_000553,video,test
test/russian twist/russian twist_8.mp4,4.54,1280x720,310,russian twist,frame_000000 frame_000309,video,test
test/russian twist/russian_twist_14.webm,0.3,900x474,284,russian twist,frame_000000 frame_000283,video,test
test/russian twist/russian_twist_18.webm,1.4,596x336,375,russian twist,frame_000000 frame_000374,video,test
test/russian twist/russian_twist_22.mp4,1.85,854x480,490,russian twist,frame_000000 frame_000489,video,test
test/russian twist/russian_twist_31.mp4,1.53,854x480,393,russian twist,frame_000151 frame_000392,video,test
test/shoulder press/shoulder press_10.mp4,6.44,640x360,384,shoulder press,frame_000000 frame_000383,video,test
test/shoulder press/shoulder press_14.mp4,3.03,640x360,183,shoulder press,frame_000000 frame_000182,video,test
test/shoulder press/shoulder press_8.mp4,3.41,1280x720,118,shoulder press,frame_000000 frame_000117,video,test
test/shoulder press/shoulder_press_18.mp4,22.72,720x1280,681,shoulder press,frame_000000 frame_000680,video,test
test/shoulder press/shoulder_press_22.mp4,21.17,720x1280,630,shoulder press,frame_000000 frame_000149,video,test
test/shoulder press/shoulder_press_25.mp4,20.64,720x1280,632,shoulder press,frame_000000 frame_000631,video,test
test/shoulder press/shoulder_press_29.webm,0.49,898x506,602,shoulder press,frame_000000 frame_000601,video,test
test/shoulder press/shoulder_press_30.webm,0.84,898x506,803,shoulder press,frame_000000 frame_000802,video,test
test/shoulder press/shoulder_press_37.mp4,1.77,854x480,302,shoulder press,frame_000000 frame_000928,video,test
test/squat/squat_27.mp4,14.7,1280x720,647,squat,frame_000000 frame_000646,video,test
test/squat/squat_29.mp4,1.56,1280x720,55,squat,frame_000000 frame_000054,video,test
test/squat/squat_3.MOV,60.91,1920x1080,639,squat,frame_000000 frame_000638,video,test
test/squat/squat_30.webm,0.39,504x900,378,squat,frame_000000 frame_000377,video,test
test/squat/squat_34.webm,0.58,504x900,570,squat,frame_000000 frame_000569,video,test
test/squat/squat_37.mp4,4.71,854x480,1580,squat,frame_000000 frame_000083; frame_000374 frame_000940; frame_001031 frame_001483,video,test
test/squat/squat_4.MOV,62.73,1920x1080,600,squat,frame_000000 frame_000599,video,test
test/squat/squat_41.mp4,0.59,854x480,352,squat,frame_000000 frame_000351,video,test
test/squat/squat_5.MOV,56.78,1920x1080,656,squat,frame_000000 frame_000655,video,test
test/t bar row/t bar row_12.mp4,6.25,1280x720,228,t bar row,frame_000000 frame_000227,video,test
test/t bar row/t bar row_13.mp4,2.45,1280x720,86,t bar row,frame_000000 frame_000085,video,test
test/t bar row/t bar row_7.MOV,34.86,1920x1080,503,t bar row,frame_000070 frame_000502,video,test
test/t bar row/t bar row_9.mp4,4.83,1280x720,175,t bar row,frame_000000 frame_000174,video,test
test/t bar row/t_bar_row_23.webm,0.95,898x506,529,t bar row,frame_000000 frame_000528,video,test
test/t bar row/t_bar_row_25.webm,1.72,600x316,469,t bar row,frame_000000 frame_000468,video,test
test/t bar row/t_bar_row_28.mp4,0.66,854x450,253,t bar row,frame_000000 frame_000252,video,test
test/tricep Pushdown/tricep pushdown_19.mp4,0.4,1920x1080,97,tricep Pushdown,frame_000000 frame_000096,video,test
test/tricep Pushdown/tricep pushdown_22.mp4,0.28,1920x1080,67,tricep Pushdown,frame_000000 frame_000066,video,test
test/tricep Pushdown/tricep pushdown_23.mp4,0.27,1920x1080,64,tricep Pushdown,frame_000000 frame_000063,video,test
test/tricep Pushdown/tricep pushdown_31.mp4,0.31,1920x1080,76,tricep Pushdown,frame_000000 frame_000075,video,test
test/tricep Pushdown/tricep pushdown_33.mp4,0.3,1920x1080,73,tricep Pushdown,frame_000000 frame_000072,video,test
test/tricep Pushdown/tricep pushdown_38.mp4,2.18,1280x720,102,tricep Pushdown,frame_000000 frame_000101,video,test
test/tricep Pushdown/tricep pushdown_4.mp4,0.23,1920x1080,56,tricep Pushdown,frame_000000 frame_000055,video,test
test/tricep Pushdown/tricep pushdown_41.mp4,4.9,1280x720,222,tricep Pushdown,frame_000000 frame_000221,video,test
test/tricep Pushdown/tricep pushdown_44.mp4,4.95,1280x720,180,tricep Pushdown,frame_000000 frame_000179,video,test
test/tricep Pushdown/tricep pushdown_45.mp4,2.46,1080x608,201,tricep Pushdown,frame_000000 frame_000200,video,test
test/tricep Pushdown/tricep pushdown_8.mp4,0.32,1920x1080,78,tricep Pushdown,frame_000000 frame_000077,video,test
test/tricep Pushdown/tricep pushdown_9.mp4,0.12,1920x1080,30,tricep Pushdown,frame_000000 frame_000029,video,test
test/tricep Pushdown/tricep_Pushdown_51.mp4,28.49,720x1280,874,tricep Pushdown,frame_000000 frame_000873,video,test
test/tricep Pushdown/tricep_Pushdown_60.webm,0.57,898x506,356,tricep Pushdown,frame_000000 frame_000355,video,test
test/tricep dips/tricep dips_14.mp4,4.44,1280x720,162,tricep dips,frame_000000 frame_000161,video,test
test/tricep dips/tricep dips_7.mp4,7.12,1280x720,321,tricep dips,frame_000000 frame_000320,video,test
test/tricep dips/tricep dips_9.mp4,8.83,1280x720,390,tricep dips,frame_000000 frame_000389,video,test
test/tricep dips/tricep_dips_26.mp4,13.07,720x1280,388,tricep dips,frame_000000 frame_000387,video,test
test/tricep dips/tricep_dips_29.mp4,21.77,720x1280,659,tricep dips,frame_000000 frame_000658,video,test
test/tricep dips/tricep_dips_30.mp4,20.59,720x1280,628,tricep dips,frame_000000 frame_000627,video,test
test/tricep dips/tricep_dips_32.webm,0.46,898x506,278,tricep dips,frame_000000 frame_000277,video,test
test/tricep dips/tricep_dips_33.webm,0.45,898x506,498,tricep dips,frame_000060 frame_000400,video,test
test/tricep dips/tricep_dips_35.webm,0.66,504x900,397,tricep dips,frame_000000 frame_000396,video,test
