dataset,subject,record_id,true_class,pred_class,confidence,second_class,second_confidence,margin,pose_source
mmfit,w00,mmfit_w00_seg00_squats,squat,incline bench press,0.24663911387324333,bench press,0.20082537457346916,0.04581373929977417,native
mmfit,w00,mmfit_w00_seg00_squats,squat,pull Up,0.25078590773046017,tricep dips,0.11787900992203504,0.13290689780842513,native
mmfit,w00,mmfit_w00_seg00_squats,squat,pull Up,0.1868097623810172,leg extension,0.1482321359217167,0.03857762645930052,native
mmfit,w00,mmfit_w00_seg00_squats,squat,pull Up,0.20096709858626127,incline bench press,0.15151134505867958,0.04945575352758169,native
mmfit,w00,mmfit_w00_seg00_squats,squat,incline bench press,0.21443241462111473,leg extension,0.20153653249144554,0.01289588212966919,native
mmfit,w00,mmfit_w00_seg00_squats,squat,incline bench press,0.2023448906838894,pull Up,0.15868589701130986,0.04365899367257953,native
mmfit,w00,mmfit_w00_seg00_squats,squat,incline bench press,0.21467407047748566,deadlift,0.12890127673745155,0.0857727937400341,native
mmfit,w00,mmfit_w00_seg00_squats,squat,pull Up,0.5340275019407272,incline bench press,0.10060323216021061,0.4334242697805166,native
mmfit,w00,mmfit_w00_seg00_squats,squat,pull Up,0.21752431150525808,hip thrust,0.14374659955501556,0.07377771195024252,native
mmfit,w00,mmfit_w00_seg00_squats,squat,chest fly machine,0.21623735129833221,pull Up,0.19759893789887428,0.01863841339945793,native
mmfit,w00,mmfit_w00_seg00_squats,squat,pull Up,0.2116179233416915,incline bench press,0.1026161895133555,0.109001733828336,native
mmfit,w00,mmfit_w00_seg00_squats,squat,pull Up,0.22917328961193562,incline bench press,0.10967050539329648,0.11950278421863914,native
mmfit,w00,mmfit_w00_seg00_squats,squat,pull Up,0.22194173745810986,incline bench press,0.10917650442570448,0.11276523303240538,native
mmfit,w00,mmfit_w00_seg00_squats,squat,pull Up,0.21118762902915478,incline bench press,0.11482102470472455,0.09636660432443023,native
mmfit,w00,mmfit_w00_seg01_squats,squat,incline bench press,0.2841886132955551,shoulder press,0.1643288009800017,0.11985981231555343,native
mmfit,w00,mmfit_w00_seg01_squats,squat,incline bench press,0.3391284178942442,shoulder press,0.16134580713696778,0.17778261075727642,native
mmfit,w00,mmfit_w00_seg01_squats,squat,incline bench press,0.34659908525645733,shoulder press,0.16591037274338305,0.18068871251307428,native
mmfit,w00,mmfit_w00_seg01_squats,squat,incline bench press,0.3469254896044731,shoulder press,0.16555101634003222,0.1813744732644409,native
mmfit,w00,mmfit_w00_seg01_squats,squat,incline bench press,0.348186606541276,shoulder press,0.15169872832484543,0.19648787821643054,native
mmfit,w00,mmfit_w00_seg01_squats,squat,incline bench press,0.22735369205474854,shoulder press,0.14337497274391353,0.083978719310835,native
mmfit,w00,mmfit_w00_seg01_squats,squat,pull Up,0.16085042152553797,incline bench press,0.15172425750643015,0.009126164019107819,native
mmfit,w00,mmfit_w00_seg01_squats,squat,push-up,0.1852995939552784,pull Up,0.17024016426876187,0.015059429686516523,native
mmfit,w00,mmfit_w00_seg01_squats,squat,incline bench press,0.20035450905561447,push-up,0.18629765510559082,0.014056853950023651,native
mmfit,w00,mmfit_w00_seg01_squats,squat,incline bench press,0.19903950951993465,squat,0.18603230081498623,0.013007208704948425,native
mmfit,w00,mmfit_w00_seg01_squats,squat,incline bench press,0.19563757441937923,squat,0.1895879190415144,0.006049655377864838,native
mmfit,w00,mmfit_w00_seg01_squats,squat,incline bench press,0.19360305555164814,squat,0.19173753820359707,0.0018655173480510712,native
mmfit,w00,mmfit_w00_seg02_squats,squat,pull Up,0.3146592155098915,squat,0.17720810696482658,0.13745110854506493,native
mmfit,w00,mmfit_w00_seg02_squats,squat,pull Up,0.3821945860981941,lat pulldown,0.1028723930940032,0.2793221930041909,native
mmfit,w00,mmfit_w00_seg02_squats,squat,pull Up,0.33805131912231445,shoulder press,0.10270716506056488,0.23534415406174958,native
mmfit,w00,mmfit_w00_seg02_squats,squat,pull Up,0.3556853383779526,lat pulldown,0.14898343104869127,0.2067019073292613,native
mmfit,w00,mmfit_w00_seg02_squats,squat,pull Up,0.40163586288690567,lat pulldown,0.15601084288209677,0.2456250200048089,native
mmfit,w00,mmfit_w00_seg02_squats,squat,pull Up,0.35501183569431305,lat pulldown,0.14929676055908203,0.20571507513523102,native
mmfit,w00,mmfit_w00_seg02_squats,squat,pull Up,0.4147530794143677,lat pulldown,0.1280621849000454,0.2866908945143223,native
mmfit,w00,mmfit_w00_seg02_squats,squat,pull Up,0.35693150758743286,shoulder press,0.1056472989730537,0.25128420861437917,native
mmfit,w00,mmfit_w00_seg02_squats,squat,pull Up,0.24860899150371552,leg raises,0.2274979967623949,0.02111099474132061,native
mmfit,w00,mmfit_w00_seg02_squats,squat,pull Up,0.2928430065512657,incline bench press,0.12849988788366318,0.16434311866760254,native
mmfit,w00,mmfit_w00_seg02_squats,squat,pull Up,0.5415443927049637,lat pulldown,0.08443715889006853,0.45710723381489515,native
mmfit,w00,mmfit_w00_seg02_squats,squat,pull Up,0.34447474777698517,bench press,0.1645917675923556,0.17988298018462956,native
mmfit,w00,mmfit_w00_seg02_squats,squat,pull Up,0.18073954433202744,decline bench press,0.12418408715166152,0.05655545718036592,native
mmfit,w00,mmfit_w00_seg02_squats,squat,tricep dips,0.15354796312749386,pull Up,0.11148940364364535,0.04205855948384851,native
mmfit,w00,mmfit_w00_seg03_pushups,push-up,pull Up,0.27067226730287075,leg raises,0.16121210157871246,0.10946016572415829,native
mmfit,w00,mmfit_w00_seg03_pushups,push-up,pull Up,0.2835061866790056,leg raises,0.148432532325387,0.13507365435361862,native
mmfit,w00,mmfit_w00_seg03_pushups,push-up,pull Up,0.292474577203393,leg raises,0.14442839287221432,0.14804618433117867,native
mmfit,w00,mmfit_w00_seg03_pushups,push-up,pull Up,0.29918951727449894,leg raises,0.13755751214921474,0.1616320051252842,native
mmfit,w00,mmfit_w00_seg03_pushups,push-up,pull Up,0.3139433301985264,leg raises,0.1354020107537508,0.17854131944477558,native
mmfit,w00,mmfit_w00_seg03_pushups,push-up,pull Up,0.3139893263578415,leg raises,0.14582571387290955,0.16816361248493195,native
mmfit,w00,mmfit_w00_seg03_pushups,push-up,pull Up,0.3250883035361767,tricep dips,0.12444949295604602,0.20063881058013067,native
mmfit,w00,mmfit_w00_seg03_pushups,push-up,pull Up,0.32376620173454285,tricep dips,0.12447800009977072,0.19928820163477212,native
mmfit,w00,mmfit_w00_seg03_pushups,push-up,pull Up,0.32329104468226433,tricep dips,0.12553194555221125,0.19775909913005307,native
mmfit,w00,mmfit_w00_seg03_pushups,push-up,pull Up,0.31946342438459396,tricep dips,0.1257164390408434,0.19374698534375057,native
mmfit,w00,mmfit_w00_seg03_pushups,push-up,pull Up,0.32198237627744675,tricep dips,0.12405482033500448,0.19792755594244227,native
mmfit,w00,mmfit_w00_seg03_pushups,push-up,pull Up,0.3220607526600361,tricep dips,0.12415495986351743,0.19790579279651865,native
mmfit,w00,mmfit_w00_seg03_pushups,push-up,pull Up,0.32504549250006676,tricep dips,0.12471194047247991,0.20033355202758685,native
mmfit,w00,mmfit_w00_seg04_pushups,push-up,incline bench press,0.21528568863868713,deadlift,0.18858633562922478,0.026699353009462357,native
mmfit,w00,mmfit_w00_seg04_pushups,push-up,squat,0.22508790343999863,shoulder press,0.17964183073490858,0.045446072705090046,native
mmfit,w00,mmfit_w00_seg04_pushups,push-up,squat,0.19742588885128498,incline bench press,0.18676041811704636,0.010665470734238625,native
mmfit,w00,mmfit_w00_seg04_pushups,push-up,incline bench press,0.20125682651996613,deadlift,0.17111729085445404,0.030139535665512085,native
mmfit,w00,mmfit_w00_seg04_pushups,push-up,squat,0.17961579142138362,shoulder press,0.1741972626768984,0.005418528744485229,native
mmfit,w00,mmfit_w00_seg04_pushups,push-up,squat,0.1940328050404787,incline bench press,0.1772792860865593,0.01675351895391941,native
mmfit,w00,mmfit_w00_seg04_pushups,push-up,incline bench press,0.2119087353348732,deadlift,0.1812797263264656,0.030629009008407593,native
mmfit,w00,mmfit_w00_seg04_pushups,push-up,squat,0.19002962624654174,shoulder press,0.17558533936971799,0.014444286876823753,native
mmfit,w00,mmfit_w00_seg04_pushups,push-up,incline bench press,0.22819984704256058,deadlift,0.16912782192230225,0.05907202512025833,native
mmfit,w00,mmfit_w00_seg04_pushups,push-up,shoulder press,0.17251254280563444,incline bench press,0.16495222225785255,0.007560320547781885,native
mmfit,w00,mmfit_w00_seg04_pushups,push-up,squat,0.2304049525409937,shoulder press,0.16747120895888656,0.06293374358210713,native
mmfit,w00,mmfit_w00_seg04_pushups,push-up,squat,0.27316683903336525,pull Up,0.22268530167639256,0.050481537356972694,native
mmfit,w00,mmfit_w00_seg04_pushups,push-up,squat,0.34147629141807556,pull Up,0.24907527025789022,0.09240102116018534,native
mmfit,w00,mmfit_w00_seg05_pushups,push-up,shoulder press,0.20110508857760578,squat,0.1492955358698964,0.05180955270770937,native
mmfit,w00,mmfit_w00_seg05_pushups,push-up,squat,0.21906277909874916,shoulder press,0.20063471043249592,0.01842806866625324,native
mmfit,w00,mmfit_w00_seg05_pushups,push-up,shoulder press,0.18782480084337294,incline bench press,0.171897541731596,0.015927259111776948,native
mmfit,w00,mmfit_w00_seg05_pushups,push-up,squat,0.23490120470523834,shoulder press,0.1958682552794926,0.039032949425745755,native
mmfit,w00,mmfit_w00_seg05_pushups,push-up,shoulder press,0.18699089088477194,incline bench press,0.17186706885695457,0.015123822027817369,native
mmfit,w00,mmfit_w00_seg05_pushups,push-up,shoulder press,0.19798396254191175,squat,0.18881485424935818,0.009169108292553574,native
mmfit,w00,mmfit_w00_seg05_pushups,push-up,shoulder press,0.19615867221727967,squat,0.1882130168378353,0.00794565537944436,native
mmfit,w00,mmfit_w00_seg05_pushups,push-up,shoulder press,0.20335939433425665,deadlift,0.15127312019467354,0.05208627413958311,native
mmfit,w00,mmfit_w00_seg05_pushups,push-up,squat,0.23366237059235573,shoulder press,0.20456843974534422,0.029093930847011507,native
mmfit,w00,mmfit_w00_seg05_pushups,push-up,shoulder press,0.19935145694762468,deadlift,0.16100537404417992,0.03834608290344477,native
mmfit,w00,mmfit_w00_seg05_pushups,push-up,squat,0.2277454286813736,shoulder press,0.20005421311361715,0.027691215567756444,native
mmfit,w00,mmfit_w00_seg05_pushups,push-up,shoulder press,0.19028088182676584,incline bench press,0.164568979293108,0.02571190253365785,native
mmfit,w00,mmfit_w00_seg06_dumbbell_shoulder_press,shoulder press,leg raises,0.15460928995162249,tricep Pushdown,0.11765031237155199,0.036958977580070496,native
mmfit,w00,mmfit_w00_seg06_dumbbell_shoulder_press,shoulder press,leg raises,0.1548402940388769,tricep Pushdown,0.11858845222741365,0.03625184181146324,native
mmfit,w00,mmfit_w00_seg06_dumbbell_shoulder_press,shoulder press,leg raises,0.15585923800244927,shoulder press,0.11056100769201294,0.04529823031043634,native
mmfit,w00,mmfit_w00_seg06_dumbbell_shoulder_press,shoulder press,leg raises,0.15678113023750484,tricep Pushdown,0.10880205687135458,0.04797907336615026,native
mmfit,w00,mmfit_w00_seg06_dumbbell_shoulder_press,shoulder press,leg raises,0.15610680053941905,tricep Pushdown,0.1120231868699193,0.044083613669499755,native
mmfit,w00,mmfit_w00_seg06_dumbbell_shoulder_press,shoulder press,leg raises,0.15447358111850917,tricep Pushdown,0.11230773851275444,0.04216584260575473,native
mmfit,w00,mmfit_w00_seg06_dumbbell_shoulder_press,shoulder press,leg raises,0.15630470286123455,tricep Pushdown,0.11115227919071913,0.04515242367051542,native
mmfit,w00,mmfit_w00_seg06_dumbbell_shoulder_press,shoulder press,leg raises,0.15621095290407538,shoulder press,0.10854499629931524,0.04766595660476014,native
mmfit,w00,mmfit_w00_seg06_dumbbell_shoulder_press,shoulder press,leg raises,0.15625126915983856,shoulder press,0.10872367490082979,0.047527594259008765,native
mmfit,w00,mmfit_w00_seg06_dumbbell_shoulder_press,shoulder press,leg raises,0.15619676862843335,shoulder press,0.10798903257818893,0.04820773605024442,native
mmfit,w00,mmfit_w00_seg06_dumbbell_shoulder_press,shoulder press,leg raises,0.15414977562613785,squat,0.10977659467607737,0.04437318095006049,native
mmfit,w00,mmfit_w00_seg06_dumbbell_shoulder_press,shoulder press,leg raises,0.15596014144830406,squat,0.10713161341845989,0.048828528029844165,native
mmfit,w00,mmfit_w00_seg06_dumbbell_shoulder_press,shoulder press,leg raises,0.15562778036110103,tricep Pushdown,0.10861163400113583,0.047016146359965205,native
mmfit,w00,mmfit_w00_seg06_dumbbell_shoulder_press,shoulder press,leg raises,0.15558881568722427,tricep Pushdown,0.10576889757066965,0.04981991811655462,native
mmfit,w00,mmfit_w00_seg06_dumbbell_shoulder_press,shoulder press,leg raises,0.15497165569104254,tricep Pushdown,0.1109610190615058,0.04401063662953675,native
mmfit,w00,mmfit_w00_seg06_dumbbell_shoulder_press,shoulder press,leg raises,0.15503944642841816,tricep Pushdown,0.11040775198489428,0.044631694443523884,native
mmfit,w00,mmfit_w00_seg07_dumbbell_shoulder_press,shoulder press,pull Up,0.3219468891620636,chest fly machine,0.1586902979761362,0.1632565911859274,native
mmfit,w00,mmfit_w00_seg07_dumbbell_shoulder_press,shoulder press,pull Up,0.3101308271288872,tricep dips,0.10679938143584877,0.2033314456930384,native
mmfit,w00,mmfit_w00_seg07_dumbbell_shoulder_press,shoulder press,pull Up,0.2932557612657547,incline bench press,0.1435105185955763,0.1497452426701784,native
mmfit,w00,mmfit_w00_seg07_dumbbell_shoulder_press,shoulder press,pull Up,0.33401159942150116,tricep dips,0.13023173867259175,0.2037798607489094,native
mmfit,w00,mmfit_w00_seg07_dumbbell_shoulder_press,shoulder press,pull Up,0.3179146274924278,incline bench press,0.14869894832372665,0.16921567916870117,native
mmfit,w00,mmfit_w00_seg07_dumbbell_shoulder_press,shoulder press,pull Up,0.3189187441021204,incline bench press,0.16058565583080053,0.15833308827131987,native
mmfit,w00,mmfit_w00_seg07_dumbbell_shoulder_press,shoulder press,pull Up,0.2887662537395954,tricep dips,0.13027923298068345,0.15848702075891197,native
mmfit,w00,mmfit_w00_seg07_dumbbell_shoulder_press,shoulder press,pull Up,0.42347437143325806,bench press,0.11680636066012084,0.3066680107731372,native
mmfit,w00,mmfit_w00_seg07_dumbbell_shoulder_press,shoulder press,pull Up,0.40030714124441147,bench press,0.14333437429741025,0.2569727669470012,native
mmfit,w00,mmfit_w00_seg07_dumbbell_shoulder_press,shoulder press,pull Up,0.4240298792719841,shoulder press,0.10594695154577494,0.31808292772620916,native
mmfit,w00,mmfit_w00_seg07_dumbbell_shoulder_press,shoulder press,pull Up,0.36963561549782753,deadlift,0.13280550949275494,0.2368301060050726,native
mmfit,w00,mmfit_w00_seg07_dumbbell_shoulder_press,shoulder press,pull Up,0.46190886199474335,deadlift,0.21738376095891,0.24452510103583336,native
mmfit,w00,mmfit_w00_seg07_dumbbell_shoulder_press,shoulder press,pull Up,0.4087709113955498,bench press,0.1480918461456895,0.2606790652498603,native
mmfit,w00,mmfit_w00_seg07_dumbbell_shoulder_press,shoulder press,pull Up,0.3763631619513035,bench press,0.19008187670260668,0.1862812852486968,native
mmfit,w00,mmfit_w00_seg07_dumbbell_shoulder_press,shoulder press,pull Up,0.4359929636120796,deadlift,0.19475558772683144,0.24123737588524818,native
mmfit,w00,mmfit_w00_seg07_dumbbell_shoulder_press,shoulder press,pull Up,0.38265299052000046,leg raises,0.11273086816072464,0.2699221223592758,native
mmfit,w00,mmfit_w00_seg07_dumbbell_shoulder_press,shoulder press,pull Up,0.3799826204776764,chest fly machine,0.2080526128411293,0.1719300076365471,native
mmfit,w00,mmfit_w00_seg08_dumbbell_shoulder_press,shoulder press,pull Up,0.25154029577970505,leg raises,0.1467584501951933,0.10478184558451176,native
mmfit,w00,mmfit_w00_seg08_dumbbell_shoulder_press,shoulder press,pull Up,0.16105793416500092,leg raises,0.15320840966887772,0.007849524496123195,native
mmfit,w00,mmfit_w00_seg08_dumbbell_shoulder_press,shoulder press,leg raises,0.15197935630567372,lat pulldown,0.12128669954836369,0.030692656757310033,native
mmfit,w00,mmfit_w00_seg08_dumbbell_shoulder_press,shoulder press,pull Up,0.26278141140937805,leg raises,0.13399180630221963,0.12878960510715842,native
mmfit,w00,mmfit_w00_seg08_dumbbell_shoulder_press,shoulder press,pull Up,0.2816832438111305,tricep dips,0.11143580690259114,0.17024743690853938,native
mmfit,w00,mmfit_w00_seg08_dumbbell_shoulder_press,shoulder press,pull Up,0.1621516663581133,shoulder press,0.12065058731241152,0.04150107904570177,native
mmfit,w00,mmfit_w00_seg08_dumbbell_shoulder_press,shoulder press,pull Up,0.15859547071158886,leg raises,0.14654223364777863,0.01205323706381023,native
mmfit,w00,mmfit_w00_seg08_dumbbell_shoulder_press,shoulder press,pull Up,0.14451735001057386,shoulder press,0.12542039470281452,0.019096955307759345,native
mmfit,w00,mmfit_w00_seg08_dumbbell_shoulder_press,shoulder press,leg raises,0.12749753368552774,pull Up,0.1256411373615265,0.0018563963240012527,native
mmfit,w00,mmfit_w00_seg08_dumbbell_shoulder_press,shoulder press,leg raises,0.15485993085894734,lat pulldown,0.13222090993076563,0.022639020928181708,native
mmfit,w00,mmfit_w00_seg08_dumbbell_shoulder_press,shoulder press,leg raises,0.1576908603310585,lat pulldown,0.13660453539341688,0.02108632493764162,native
mmfit,w00,mmfit_w00_seg08_dumbbell_shoulder_press,shoulder press,leg raises,0.13931823568418622,lat pulldown,0.132297876290977,0.007020359393209219,native
mmfit,w00,mmfit_w00_seg08_dumbbell_shoulder_press,shoulder press,pull Up,0.2242228053510189,tricep dips,0.12220195156987756,0.10202085378114134,native
mmfit,w00,mmfit_w00_seg24_lateral_shoulder_raises,lateral raise,leg raises,0.14797204453498125,tricep Pushdown,0.11876090988516808,0.029211134649813175,native
mmfit,w00,mmfit_w00_seg24_lateral_shoulder_raises,lateral raise,leg raises,0.14497804315760732,tricep Pushdown,0.11937209125608206,0.02560595190152526,native
mmfit,w00,mmfit_w00_seg24_lateral_shoulder_raises,lateral raise,leg raises,0.1464053988456726,tricep Pushdown,0.11714860331267118,0.029256795533001423,native
mmfit,w00,mmfit_w00_seg24_lateral_shoulder_raises,lateral raise,leg raises,0.14834553794935346,tricep Pushdown,0.11537807807326317,0.03296745987609029,native
mmfit,w00,mmfit_w00_seg24_lateral_shoulder_raises,lateral raise,leg raises,0.14825027342885733,tricep Pushdown,0.13562054745852947,0.012629725970327854,native
mmfit,w00,mmfit_w00_seg24_lateral_shoulder_raises,lateral raise,leg raises,0.1417588423937559,tricep Pushdown,0.12857977487146854,0.013179067522287369,native
mmfit,w00,mmfit_w00_seg24_lateral_shoulder_raises,lateral raise,leg raises,0.14680786291137338,tricep Pushdown,0.11874768882989883,0.028060174081474543,native
mmfit,w00,mmfit_w00_seg24_lateral_shoulder_raises,lateral raise,leg raises,0.14525427389889956,tricep Pushdown,0.12486856617033482,0.02038570772856474,native
mmfit,w00,mmfit_w00_seg24_lateral_shoulder_raises,lateral raise,leg raises,0.1461849333718419,tricep Pushdown,0.11968852486461401,0.026496408507227898,native
mmfit,w00,mmfit_w00_seg24_lateral_shoulder_raises,lateral raise,leg raises,0.1459467480890453,tricep Pushdown,0.11746479570865631,0.028481952380388975,native
mmfit,w00,mmfit_w00_seg24_lateral_shoulder_raises,lateral raise,leg raises,0.1490135369822383,tricep Pushdown,0.11435891967266798,0.03465461730957031,native
mmfit,w00,mmfit_w00_seg24_lateral_shoulder_raises,lateral raise,leg raises,0.14747474761679769,tricep Pushdown,0.11633404437452555,0.03114070324227214,native
mmfit,w00,mmfit_w00_seg24_lateral_shoulder_raises,lateral raise,leg raises,0.14798940205946565,tricep Pushdown,0.11189082730561495,0.0360985747538507,native
mmfit,w00,mmfit_w00_seg25_lateral_shoulder_raises,lateral raise,leg raises,0.13745872501749545,shoulder press,0.12902205268619582,0.008436672331299633,native
mmfit,w00,mmfit_w00_seg25_lateral_shoulder_raises,lateral raise,pull Up,0.22050294652581215,leg extension,0.14710745215415955,0.0733954943716526,native
mmfit,w00,mmfit_w00_seg25_lateral_shoulder_raises,lateral raise,pull Up,0.25114741176366806,leg raises,0.12815228919498622,0.12299512256868184,native
mmfit,w00,mmfit_w00_seg25_lateral_shoulder_raises,lateral raise,pull Up,0.15841150097548962,leg raises,0.1282536732032895,0.030157827772200108,native
mmfit,w00,mmfit_w00_seg25_lateral_shoulder_raises,lateral raise,pull Up,0.20055082067847252,tricep dips,0.13363861246034503,0.06691220821812749,native
mmfit,w00,mmfit_w00_seg25_lateral_shoulder_raises,lateral raise,pull Up,0.1844630278646946,tricep dips,0.1289623633492738,0.055500664515420794,native
mmfit,w00,mmfit_w00_seg25_lateral_shoulder_raises,lateral raise,pull Up,0.13382220454514027,tricep dips,0.12762369634583592,0.006198508199304342,native
mmfit,w00,mmfit_w00_seg25_lateral_shoulder_raises,lateral raise,pull Up,0.21987295895814896,tricep dips,0.12168635125271976,0.0981866077054292,native
mmfit,w00,mmfit_w00_seg25_lateral_shoulder_raises,lateral raise,pull Up,0.19130318611860275,tricep dips,0.13543903082609177,0.055864155292510986,native
mmfit,w00,mmfit_w00_seg25_lateral_shoulder_raises,lateral raise,pull Up,0.15639677830040455,tricep dips,0.12973426806274801,0.026662510237656534,native
mmfit,w00,mmfit_w00_seg25_lateral_shoulder_raises,lateral raise,pull Up,0.16580871120095253,tricep dips,0.1348053193069063,0.031003391894046217,native
mmfit,w00,mmfit_w00_seg25_lateral_shoulder_raises,lateral raise,pull Up,0.21287306770682335,tricep dips,0.13043556682532653,0.08243750088149682,native
mmfit,w00,mmfit_w00_seg25_lateral_shoulder_raises,lateral raise,pull Up,0.21799401380121708,deadlift,0.18600218929350376,0.03199182450771332,native
mmfit,w00,mmfit_w00_seg26_lateral_shoulder_raises,lateral raise,pull Up,0.1869134083390236,tricep dips,0.13018387544434518,0.056729532894678414,native
mmfit,w00,mmfit_w00_seg26_lateral_shoulder_raises,lateral raise,pull Up,0.19704734161496162,tricep dips,0.12883681198582053,0.06821052962914109,native
mmfit,w00,mmfit_w00_seg26_lateral_shoulder_raises,lateral raise,pull Up,0.30221492052078247,chest fly machine,0.2208004929125309,0.08141442760825157,native
mmfit,w00,mmfit_w00_seg26_lateral_shoulder_raises,lateral raise,pull Up,0.29101038724184036,leg raises,0.11433205660432577,0.1766783306375146,native
mmfit,w00,mmfit_w00_seg26_lateral_shoulder_raises,lateral raise,leg raises,0.14749420434236526,lat pulldown,0.120082538574934,0.02741166576743126,native
mmfit,w00,mmfit_w00_seg26_lateral_shoulder_raises,lateral raise,leg raises,0.1532014748081565,shoulder press,0.1275434154085815,0.025658059399574995,native
mmfit,w00,mmfit_w00_seg26_lateral_shoulder_raises,lateral raise,pull Up,0.18263768404722214,leg raises,0.14347433543298393,0.0391633486142382,native
mmfit,w00,mmfit_w00_seg26_lateral_shoulder_raises,lateral raise,chest fly machine,0.18374031782150269,leg raises,0.1379522813949734,0.04578803642652929,native
mmfit,w00,mmfit_w00_seg26_lateral_shoulder_raises,lateral raise,pull Up,0.21934418752789497,leg raises,0.12435654457658529,0.09498764295130968,native
mmfit,w00,mmfit_w00_seg26_lateral_shoulder_raises,lateral raise,pull Up,0.19612863287329674,leg raises,0.13525861385278404,0.0608700190205127,native
mmfit,w00,mmfit_w00_seg26_lateral_shoulder_raises,lateral raise,pull Up,0.20382006838917732,leg raises,0.13610941707156599,0.06771065131761134,native
mmfit,w00,mmfit_w00_seg26_lateral_shoulder_raises,lateral raise,pull Up,0.18735725618898869,leg extension,0.17013854533433914,0.017218710854649544,native
mmfit,w00,mmfit_w00_seg26_lateral_shoulder_raises,lateral raise,incline bench press,0.20164569467306137,leg extension,0.14347455091774464,0.058171143755316734,native
mmfit,w05,mmfit_w05_seg00_squats,squat,pull Up,0.2900567688047886,incline bench press,0.1211628932505846,0.168893875554204,native
mmfit,w05,mmfit_w05_seg00_squats,squat,pull Up,0.282611969858408,shoulder press,0.27474576979875565,0.007866200059652328,native
mmfit,w05,mmfit_w05_seg00_squats,squat,pull Up,0.34078915789723396,shoulder press,0.17186406929977238,0.16892508859746158,native
mmfit,w05,mmfit_w05_seg00_squats,squat,pull Up,0.33038095105439425,shoulder press,0.2015771809965372,0.12880377005785704,native
mmfit,w05,mmfit_w05_seg00_squats,squat,pull Up,0.3316300995647907,shoulder press,0.22849393356591463,0.1031361659988761,native
mmfit,w05,mmfit_w05_seg00_squats,squat,pull Up,0.28213469684123993,shoulder press,0.2671941965818405,0.014940500259399414,native
mmfit,w05,mmfit_w05_seg00_squats,squat,pull Up,0.29142157500609756,shoulder press,0.22182829678058624,0.06959327822551131,native
mmfit,w05,mmfit_w05_seg00_squats,squat,pull Up,0.26682642195373774,shoulder press,0.2313811145722866,0.03544530738145113,native
mmfit,w05,mmfit_w05_seg00_squats,squat,pull Up,0.2930185520090163,lat pulldown,0.2132413499057293,0.07977720210328698,native
mmfit,w05,mmfit_w05_seg00_squats,squat,pull Up,0.29123377799987793,shoulder press,0.2034689411520958,0.08776483684778214,native
mmfit,w05,mmfit_w05_seg00_squats,squat,pull Up,0.3270413619466126,lat pulldown,0.20907307043671608,0.11796829150989652,native
mmfit,w05,mmfit_w05_seg00_squats,squat,pull Up,0.24297130852937698,shoulder press,0.13776536006480455,0.10520594846457243,native
mmfit,w05,mmfit_w05_seg00_squats,squat,pull Up,0.31045288732275367,shoulder press,0.2210510978475213,0.08940178947523236,native
mmfit,w05,mmfit_w05_seg00_squats,squat,pull Up,0.2384813204407692,shoulder press,0.12222648691385984,0.11625483352690935,native
mmfit,w05,mmfit_w05_seg00_squats,squat,pull Up,0.32098612445406616,shoulder press,0.21447282936424017,0.10651329508982599,native
mmfit,w05,mmfit_w05_seg00_squats,squat,pull Up,0.24796727672219276,tricep dips,0.13448092399630696,0.11348635272588581,native
mmfit,w05,mmfit_w05_seg01_squats,squat,incline bench press,0.16129625216126442,bench press,0.1370702190324664,0.024226033128798008,native
mmfit,w05,mmfit_w05_seg01_squats,squat,incline bench press,0.27388137578964233,pull Up,0.13667745143175125,0.13720392435789108,native
mmfit,w05,mmfit_w05_seg01_squats,squat,incline bench press,0.23293860629200935,pull Up,0.13094894494861364,0.10198966134339571,native
mmfit,w05,mmfit_w05_seg01_squats,squat,pull Up,0.2965443879365921,shoulder press,0.16192351072095335,0.13462087721563876,native
mmfit,w05,mmfit_w05_seg01_squats,squat,pull Up,0.33659331500530243,hip thrust,0.1819765493273735,0.15461676567792892,native
mmfit,w05,mmfit_w05_seg01_squats,squat,pull Up,0.2731638140976429,incline bench press,0.1441624015569687,0.1290014125406742,native
mmfit,w05,mmfit_w05_seg01_squats,squat,incline bench press,0.2135718110948801,pull Up,0.20399294421076775,0.009578866884112358,native
mmfit,w05,mmfit_w05_seg01_squats,squat,incline bench press,0.21111254580318928,pull Up,0.20864786999300122,0.002464675810188055,native
mmfit,w05,mmfit_w05_seg01_squats,squat,pull Up,0.2507979026995599,incline bench press,0.1901089996099472,0.06068890308961272,native
mmfit,w05,mmfit_w05_seg01_squats,squat,pull Up,0.26287703961133957,tricep dips,0.2540076933801174,0.008869346231222153,native
mmfit,w05,mmfit_w05_seg01_squats,squat,pull Up,0.2596208453178406,tricep dips,0.1636344501748681,0.09598639514297247,native
mmfit,w05,mmfit_w05_seg01_squats,squat,pull Up,0.2682433985173702,tricep dips,0.12929855333641171,0.1389448451809585,native
mmfit,w05,mmfit_w05_seg01_squats,squat,pull Up,0.2682816479355097,incline bench press,0.14443979691714048,0.1238418510183692,native
mmfit,w05,mmfit_w05_seg01_squats,squat,pull Up,0.1753280470147729,incline bench press,0.14156991615891457,0.033758130855858326,native
mmfit,w05,mmfit_w05_seg01_squats,squat,pull Up,0.19424617290496826,bench press,0.1432273728423752,0.05101880006259307,native
mmfit,w05,mmfit_w05_seg01_squats,squat,lat pulldown,0.16329321393277496,bench press,0.1581043399637565,0.005188873969018459,native
mmfit,w05,mmfit_w05_seg02_squats,squat,pull Up,0.21781111508607864,tricep dips,0.1968369783135131,0.020974136772565544,native
mmfit,w05,mmfit_w05_seg02_squats,squat,pull Up,0.21170287393033504,tricep dips,0.19859009224455804,0.013112781685777009,native
mmfit,w05,mmfit_w05_seg02_squats,squat,pull Up,0.21553266793489456,tricep dips,0.19615927140694112,0.019373396527953446,native
mmfit,w05,mmfit_w05_seg02_squats,squat,pull Up,0.21322852186858654,tricep dips,0.19658102374523878,0.01664749812334776,native
mmfit,w05,mmfit_w05_seg02_squats,squat,pull Up,0.2133637610822916,tricep dips,0.1964736272348091,0.016890133847482502,native
mmfit,w05,mmfit_w05_seg02_squats,squat,pull Up,0.21285992302000523,tricep dips,0.19726015673950315,0.015599766280502081,native
mmfit,w05,mmfit_w05_seg02_squats,squat,pull Up,0.21508310735225677,tricep dips,0.19764293206389993,0.01744017528835684,native
mmfit,w05,mmfit_w05_seg02_squats,squat,pull Up,0.2089820448309183,tricep dips,0.20026593783404678,0.008716106996871531,native
mmfit,w05,mmfit_w05_seg02_squats,squat,pull Up,0.21771272085607052,tricep dips,0.20001601427793503,0.01769670657813549,native
mmfit,w05,mmfit_w05_seg02_squats,squat,pull Up,0.3314901851117611,tricep dips,0.25176461040973663,0.07972557470202446,native
mmfit,w05,mmfit_w05_seg02_squats,squat,pull Up,0.31863030791282654,tricep dips,0.2038774681277573,0.11475283978506923,native
mmfit,w05,mmfit_w05_seg02_squats,squat,pull Up,0.3173468126915395,tricep dips,0.212955626193434,0.10439118649810553,native
mmfit,w05,mmfit_w05_seg02_squats,squat,pull Up,0.2680456666275859,tricep dips,0.21951517090201378,0.04853049572557211,native
mmfit,w05,mmfit_w05_seg02_squats,squat,pull Up,0.22833504434674978,incline bench press,0.17617211118340492,0.05216293316334486,native
mmfit,w05,mmfit_w05_seg02_squats,squat,incline bench press,0.21610432444140315,bench press,0.17506874352693558,0.04103558091446757,native
mmfit,w05,mmfit_w05_seg02_squats,squat,deadlift,0.18032241868786514,bench press,0.16364668030291796,0.01667573838494718,native
mmfit,w05,mmfit_w05_seg02_squats,squat,leg extension,0.19147810898721218,incline bench press,0.18760127387940884,0.0038768351078033447,native
mmfit,w05,mmfit_w05_seg03_pushups,push-up,leg raises,0.2271797377616167,tricep dips,0.22539708483964205,0.001782652921974659,native
mmfit,w05,mmfit_w05_seg03_pushups,push-up,leg raises,0.24332668632268906,tricep dips,0.2074565920047462,0.03587009431794286,native
mmfit,w05,mmfit_w05_seg03_pushups,push-up,leg raises,0.2374793104827404,tricep dips,0.20794014888815582,0.029539161594584584,native
mmfit,w05,mmfit_w05_seg03_pushups,push-up,leg raises,0.24328798055648804,tricep dips,0.2154871157836169,0.027800864772871137,native
mmfit,w05,mmfit_w05_seg03_pushups,push-up,leg raises,0.24100923165678978,tricep dips,0.2055329184513539,0.03547631320543587,native
mmfit,w05,mmfit_w05_seg03_pushups,push-up,leg raises,0.2458704374730587,tricep dips,0.2093985767569393,0.03647186071611941,native
mmfit,w05,mmfit_w05_seg03_pushups,push-up,leg raises,0.24767935276031494,tricep dips,0.20293277385644615,0.044746578903868794,native
mmfit,w05,mmfit_w05_seg03_pushups,push-up,leg raises,0.2511576823890209,tricep dips,0.2030187922064215,0.048138890182599425,native
mmfit,w05,mmfit_w05_seg03_pushups,push-up,leg raises,0.24884850159287453,tricep dips,0.20150405843742192,0.04734444315545261,native
mmfit,w05,mmfit_w05_seg03_pushups,push-up,leg raises,0.25241805985569954,tricep dips,0.2020694795064628,0.05034858034923673,native
mmfit,w05,mmfit_w05_seg03_pushups,push-up,leg raises,0.2379748784005642,tricep dips,0.2010336013045162,0.036941277096048,native
mmfit,w05,mmfit_w05_seg03_pushups,push-up,pull Up,0.2178894616663456,tricep dips,0.19482607080135494,0.02306339086499065,native
mmfit,w05,mmfit_w05_seg03_pushups,push-up,pull Up,0.22049644216895103,tricep dips,0.19271513947751373,0.027781302691437304,native
mmfit,w05,mmfit_w05_seg04_pushups,push-up,pull Up,0.22769732028245926,leg raises,0.14621203672140837,0.08148528356105089,native
mmfit,w05,mmfit_w05_seg04_pushups,push-up,pull Up,0.24960816651582718,leg raises,0.13759515341371298,0.1120130131021142,native
mmfit,w05,mmfit_w05_seg04_pushups,push-up,pull Up,0.25749654322862625,leg raises,0.13342238077893853,0.12407416244968772,native
mmfit,w05,mmfit_w05_seg04_pushups,push-up,pull Up,0.1651141308248043,tricep dips,0.16311024967581034,0.002003881148993969,native
mmfit,w05,mmfit_w05_seg04_pushups,push-up,pull Up,0.3806152567267418,shoulder press,0.09761020890437067,0.2830050478223711,native
mmfit,w05,mmfit_w05_seg04_pushups,push-up,pull Up,0.32719942554831505,squat,0.1251392811536789,0.20206014439463615,native
mmfit,w05,mmfit_w05_seg04_pushups,push-up,pull Up,0.32748605869710445,shoulder press,0.15157995326444507,0.1759061054326594,native
mmfit,w05,mmfit_w05_seg04_pushups,push-up,squat,0.1918207686394453,leg raises,0.14632932748645544,0.045491441152989864,native
mmfit,w05,mmfit_w05_seg04_pushups,push-up,squat,0.16386344749480486,leg raises,0.15543610969325528,0.008427337801549584,native
mmfit,w05,mmfit_w05_seg04_pushups,push-up,squat,0.17250280547887087,leg raises,0.1529339087428525,0.01956889673601836,native
mmfit,w05,mmfit_w05_seg04_pushups,push-up,leg raises,0.15184655791381374,shoulder press,0.1471172160236165,0.004729341890197247,native
mmfit,w05,mmfit_w05_seg04_pushups,push-up,shoulder press,0.1537761715007946,leg raises,0.14700490480754524,0.006771266693249345,native
mmfit,w05,mmfit_w05_seg04_pushups,push-up,deadlift,0.1437710728496313,shoulder press,0.14072447083890438,0.0030466020107269287,native
mmfit,w05,mmfit_w05_seg04_pushups,push-up,squat,0.18866887129843235,deadlift,0.17564203590154648,0.013026835396885872,native
mmfit,w05,mmfit_w05_seg05_pushups,push-up,leg raises,0.14995540212839842,shoulder press,0.139637648826465,0.010317753301933408,native
mmfit,w05,mmfit_w05_seg05_pushups,push-up,leg raises,0.15108452690765262,shoulder press,0.13316831493284553,0.017916211974807084,native
mmfit,w05,mmfit_w05_seg05_pushups,push-up,leg raises,0.150089553440921,shoulder press,0.13392237981315702,0.016167173627763987,native
mmfit,w05,mmfit_w05_seg05_pushups,push-up,leg raises,0.15386998828034848,shoulder press,0.14228713582269847,0.011582852457650006,native
mmfit,w05,mmfit_w05_seg05_pushups,push-up,leg raises,0.153319041011855,shoulder press,0.14068303955718875,0.012636001454666257,native
mmfit,w05,mmfit_w05_seg05_pushups,push-up,leg raises,0.15086431638337672,shoulder press,0.1333119497867301,0.017552366596646607,native
mmfit,w05,mmfit_w05_seg05_pushups,push-up,leg raises,0.15133642393629998,shoulder press,0.14098029513843358,0.010356128797866404,native
mmfit,w05,mmfit_w05_seg05_pushups,push-up,leg raises,0.15091290103737265,shoulder press,0.13525023683905602,0.015662664198316634,native
mmfit,w05,mmfit_w05_seg05_pushups,push-up,leg raises,0.1508317234693095,shoulder press,0.13754027395043522,0.013291449518874288,native
mmfit,w05,mmfit_w05_seg05_pushups,push-up,leg raises,0.1501377085223794,shoulder press,0.1366715570911765,0.013466151431202888,native
mmfit,w05,mmfit_w05_seg05_pushups,push-up,leg raises,0.15056898084003478,shoulder press,0.13989449781365693,0.010674483026377857,native
mmfit,w05,mmfit_w05_seg05_pushups,push-up,leg raises,0.15136130637256429,shoulder press,0.13181077386252582,0.019550532510038465,native
mmfit,w05,mmfit_w05_seg06_dumbbell_shoulder_press,shoulder press,incline bench press,0.17951447144150734,squat,0.15593298571184278,0.023581485729664564,native
mmfit,w05,mmfit_w05_seg06_dumbbell_shoulder_press,shoulder press,squat,0.20033128513023257,leg raises,0.16643865895457566,0.033892626175656915,native
mmfit,w05,mmfit_w05_seg06_dumbbell_shoulder_press,shoulder press,deadlift,0.1834159679710865,shoulder press,0.12802385329268873,0.055392114678397775,native
mmfit,w05,mmfit_w05_seg06_dumbbell_shoulder_press,shoulder press,leg raises,0.17003684322116897,shoulder press,0.14202806202229112,0.02800878119887784,native
mmfit,w05,mmfit_w05_seg06_dumbbell_shoulder_press,shoulder press,leg raises,0.14834207302192226,shoulder press,0.13921807217411697,0.009124000847805291,native
mmfit,w05,mmfit_w05_seg06_dumbbell_shoulder_press,shoulder press,leg raises,0.14894015045138076,shoulder press,0.14770182105712593,0.0012383293942548335,native
mmfit,w05,mmfit_w05_seg06_dumbbell_shoulder_press,shoulder press,leg raises,0.15033978509018198,shoulder press,0.14120256900787354,0.009137216082308441,native
mmfit,w05,mmfit_w05_seg06_dumbbell_shoulder_press,shoulder press,leg raises,0.1504028236377053,shoulder press,0.14486513659358025,0.00553768704412505,native
mmfit,w05,mmfit_w05_seg06_dumbbell_shoulder_press,shoulder press,leg raises,0.15209643344860524,shoulder press,0.14927921653725207,0.002817216911353171,native
mmfit,w05,mmfit_w05_seg06_dumbbell_shoulder_press,shoulder press,leg raises,0.17027357534971088,shoulder press,0.13250580441672355,0.03776777093298733,native
mmfit,w05,mmfit_w05_seg06_dumbbell_shoulder_press,shoulder press,incline bench press,0.30176789686083794,squat,0.14893649239093065,0.15283140446990728,native
mmfit,w05,mmfit_w05_seg06_dumbbell_shoulder_press,shoulder press,incline bench press,0.30876098200678825,squat,0.15277386736124754,0.15598711464554071,native
mmfit,w05,mmfit_w05_seg06_dumbbell_shoulder_press,shoulder press,squat,0.20829744264483452,leg raises,0.1410924985539168,0.0672049440909177,native
mmfit,w05,mmfit_w05_seg06_dumbbell_shoulder_press,shoulder press,leg raises,0.15138709649909288,shoulder press,0.14711149432696402,0.004275602172128856,native
mmfit,w05,mmfit_w05_seg07_dumbbell_shoulder_press,shoulder press,squat,0.24384640902280807,shoulder press,0.20325774513185024,0.04058866389095783,native
mmfit,w05,mmfit_w05_seg07_dumbbell_shoulder_press,shoulder press,squat,0.2506731301546097,shoulder press,0.20596217387355864,0.04471095628105104,native
mmfit,w05,mmfit_w05_seg07_dumbbell_shoulder_press,shoulder press,squat,0.205107893794775,shoulder press,0.20318391709588468,0.0019239766988903284,native
mmfit,w05,mmfit_w05_seg07_dumbbell_shoulder_press,shoulder press,pull Up,0.3116132915019989,shoulder press,0.13430675957351923,0.17730653192847967,native
mmfit,w05,mmfit_w05_seg07_dumbbell_shoulder_press,shoulder press,pull Up,0.4006618596613407,squat,0.1230430593714118,0.2776188002899289,native
mmfit,w05,mmfit_w05_seg08_dumbbell_shoulder_press,shoulder press,pull Up,0.27824987284839153,tricep dips,0.18719411175698042,0.09105576109141111,native
mmfit,w05,mmfit_w05_seg08_dumbbell_shoulder_press,shoulder press,pull Up,0.3095383048057556,tricep dips,0.13733331498224288,0.17220498982351273,native
mmfit,w05,mmfit_w05_seg08_dumbbell_shoulder_press,shoulder press,pull Up,0.2978350296616554,russian twist,0.16908737272024155,0.12874765694141388,native
mmfit,w05,mmfit_w05_seg08_dumbbell_shoulder_press,shoulder press,pull Up,0.2554484587162733,chest fly machine,0.2140786610543728,0.04136979766190052,native
mmfit,w05,mmfit_w05_seg08_dumbbell_shoulder_press,shoulder press,pull Up,0.29037257889285684,shoulder press,0.20947756245732307,0.08089501643553376,native
mmfit,w05,mmfit_w05_seg08_dumbbell_shoulder_press,shoulder press,pull Up,0.3275061100721359,shoulder press,0.19545608013868332,0.1320500299334526,native
mmfit,w05,mmfit_w05_seg08_dumbbell_shoulder_press,shoulder press,pull Up,0.3072306476533413,chest fly machine,0.26682132482528687,0.04040932282805443,native
mmfit,w05,mmfit_w05_seg08_dumbbell_shoulder_press,shoulder press,pull Up,0.20586388185620308,tricep Pushdown,0.2032136730849743,0.0026502087712287903,native
mmfit,w05,mmfit_w05_seg08_dumbbell_shoulder_press,shoulder press,pull Up,0.3131755702197552,chest fly machine,0.1715439334511757,0.14163163676857948,native
mmfit,w05,mmfit_w05_seg08_dumbbell_shoulder_press,shoulder press,pull Up,0.3572236467152834,romanian deadlift,0.11996070668101311,0.2372629400342703,native
mmfit,w05,mmfit_w05_seg08_dumbbell_shoulder_press,shoulder press,pull Up,0.27608574368059635,bench press,0.24783241003751755,0.028253333643078804,native
mmfit,w05,mmfit_w05_seg08_dumbbell_shoulder_press,shoulder press,pull Up,0.3741218075156212,deadlift,0.19128887727856636,0.18283293023705482,native
mmfit,w05,mmfit_w05_seg24_lateral_shoulder_raises,lateral raise,squat,0.1936071002855897,lat pulldown,0.14658172521740198,0.047025375068187714,native
mmfit,w05,mmfit_w05_seg24_lateral_shoulder_raises,lateral raise,squat,0.194148032926023,lat pulldown,0.1425859434530139,0.05156208947300911,native
mmfit,w05,mmfit_w05_seg24_lateral_shoulder_raises,lateral raise,squat,0.19541964307427406,lat pulldown,0.1425687437877059,0.052850899286568165,native
mmfit,w05,mmfit_w05_seg24_lateral_shoulder_raises,lateral raise,squat,0.19076717784628272,lat pulldown,0.14385198894888163,0.046915188897401094,native
mmfit,w05,mmfit_w05_seg24_lateral_shoulder_raises,lateral raise,squat,0.191851613111794,lat pulldown,0.14530015736818314,0.04655145574361086,native
mmfit,w05,mmfit_w05_seg24_lateral_shoulder_raises,lateral raise,squat,0.18978873267769814,lat pulldown,0.14478847105056047,0.04500026162713766,native
mmfit,w05,mmfit_w05_seg24_lateral_shoulder_raises,lateral raise,squat,0.18719974160194397,lat pulldown,0.1483118562027812,0.03888788539916277,native
mmfit,w05,mmfit_w05_seg24_lateral_shoulder_raises,lateral raise,squat,0.19147608894854784,lat pulldown,0.14686141815036535,0.04461467079818249,native
mmfit,w05,mmfit_w05_seg24_lateral_shoulder_raises,lateral raise,squat,0.19027947634458542,lat pulldown,0.14698902051895857,0.04329045582562685,native
mmfit,w05,mmfit_w05_seg24_lateral_shoulder_raises,lateral raise,squat,0.20754910027608275,lat pulldown,0.16211697459220886,0.04543212568387389,native
mmfit,w05,mmfit_w05_seg24_lateral_shoulder_raises,lateral raise,squat,0.17719203676097095,lat pulldown,0.1295865662395954,0.04760547052137554,native
mmfit,w05,mmfit_w05_seg24_lateral_shoulder_raises,lateral raise,pull Up,0.23509392654523253,squat,0.23492557555437088,0.00016835099086165428,native
mmfit,w05,mmfit_w05_seg24_lateral_shoulder_raises,lateral raise,squat,0.2965305782854557,pull Up,0.20648970594629645,0.09004087233915925,native
mmfit,w05,mmfit_w05_seg25_lateral_shoulder_raises,lateral raise,lat pulldown,0.13676180504262447,squat,0.1063222587108612,0.030439546331763268,native
mmfit,w05,mmfit_w05_seg25_lateral_shoulder_raises,lateral raise,lat pulldown,0.12707705236971378,deadlift,0.11764270253479481,0.009434349834918976,native
mmfit,w05,mmfit_w05_seg25_lateral_shoulder_raises,lateral raise,lat pulldown,0.12769275344908237,deadlift,0.11430836655199528,0.013384386897087097,native
mmfit,w05,mmfit_w05_seg25_lateral_shoulder_raises,lateral raise,lat pulldown,0.13016976229846478,squat,0.1159713827073574,0.014198379591107368,native
mmfit,w05,mmfit_w05_seg25_lateral_shoulder_raises,lateral raise,deadlift,0.1970917209982872,lat pulldown,0.1371577624231577,0.05993395857512951,native
mmfit,w05,mmfit_w05_seg25_lateral_shoulder_raises,lateral raise,squat,0.17073005437850952,shoulder press,0.13001927512232214,0.04071077925618738,native
mmfit,w05,mmfit_w05_seg25_lateral_shoulder_raises,lateral raise,squat,0.2202118532732129,leg raises,0.13215928309364244,0.08805257017957047,native
mmfit,w05,mmfit_w05_seg25_lateral_shoulder_raises,lateral raise,squat,0.27804598584771156,pull Up,0.2518478143028915,0.02619817154482007,native
mmfit,w05,mmfit_w05_seg25_lateral_shoulder_raises,lateral raise,pull Up,0.23120906576514244,squat,0.18997357320040464,0.0412354925647378,native
mmfit,w05,mmfit_w05_seg25_lateral_shoulder_raises,lateral raise,squat,0.19133917521685362,shoulder press,0.13876594544854015,0.05257322976831347,native
mmfit,w05,mmfit_w05_seg25_lateral_shoulder_raises,lateral raise,squat,0.184140894562006,tricep dips,0.141885694116354,0.04225520044565201,native
mmfit,w05,mmfit_w05_seg25_lateral_shoulder_raises,lateral raise,squat,0.18944437056779861,incline bench press,0.12906338460743427,0.06038098596036434,native
mmfit,w05,mmfit_w05_seg25_lateral_shoulder_raises,lateral raise,squat,0.19749879371374846,shoulder press,0.12224431813228875,0.0752544755814597,native
mmfit,w05,mmfit_w05_seg25_lateral_shoulder_raises,lateral raise,squat,0.2540714228525758,incline bench press,0.13109470903873444,0.12297671381384134,native
mmfit,w05,mmfit_w05_seg26_lateral_shoulder_raises,lateral raise,leg raises,0.19738140841946006,pull Up,0.15134652704000473,0.04603488137945533,native
mmfit,w05,mmfit_w05_seg26_lateral_shoulder_raises,lateral raise,leg raises,0.20210836175829172,pull Up,0.17894340306520462,0.0231649586930871,native
mmfit,w05,mmfit_w05_seg26_lateral_shoulder_raises,lateral raise,leg raises,0.19150965055450797,pull Up,0.15468432381749153,0.03682532673701644,native
mmfit,w05,mmfit_w05_seg26_lateral_shoulder_raises,lateral raise,pull Up,0.3184037134051323,deadlift,0.15474156104028225,0.16366215236485004,native
mmfit,w05,mmfit_w05_seg26_lateral_shoulder_raises,lateral raise,pull Up,0.3606150150299072,tricep dips,0.13230369001394138,0.22831132501596585,native
mmfit,w05,mmfit_w05_seg26_lateral_shoulder_raises,lateral raise,pull Up,0.2898099943995476,leg raises,0.21505050547420979,0.07475948892533779,native
mmfit,w05,mmfit_w05_seg26_lateral_shoulder_raises,lateral raise,pull Up,0.325039342045784,leg raises,0.14862004294991493,0.17641929909586906,native
mmfit,w05,mmfit_w05_seg26_lateral_shoulder_raises,lateral raise,pull Up,0.3312666714191437,tricep dips,0.17912815953604877,0.1521385118830949,native
mmfit,w05,mmfit_w05_seg26_lateral_shoulder_raises,lateral raise,pull Up,0.35339753329753876,tricep dips,0.12500771316990722,0.22838982012763154,native
mmfit,w05,mmfit_w05_seg26_lateral_shoulder_raises,lateral raise,pull Up,0.36911213397979736,tricep dips,0.10253341170027852,0.26657872227951884,native
mmfit,w05,mmfit_w05_seg26_lateral_shoulder_raises,lateral raise,pull Up,0.37113992124795914,deadlift,0.14552190899848938,0.22561801224946976,native
mmfit,w05,mmfit_w05_seg26_lateral_shoulder_raises,lateral raise,pull Up,0.3406635783612728,leg raises,0.1506735123693943,0.1899900659918785,native
mmfit,w05,mmfit_w05_seg26_lateral_shoulder_raises,lateral raise,pull Up,0.253763347864151,leg raises,0.18281885236501694,0.07094449549913406,native
mmfit,w12,mmfit_w12_seg00_squats,squat,pull Up,0.19958702335134149,bench press,0.17835151928011328,0.021235504071228206,native
mmfit,w12,mmfit_w12_seg00_squats,squat,pull Up,0.26493823155760765,bench press,0.1727246567606926,0.09221357479691505,native
mmfit,w12,mmfit_w12_seg00_squats,squat,bench press,0.3155231475830078,pull Up,0.19841791316866875,0.11710523441433907,native
mmfit,w12,mmfit_w12_seg00_squats,squat,pull Up,0.256421972066164,bench press,0.11988567130174488,0.13653630076441914,native
mmfit,w12,mmfit_w12_seg00_squats,squat,pull Up,0.2920807674527168,shoulder press,0.12552808597683907,0.16655268147587776,native
mmfit,w12,mmfit_w12_seg00_squats,squat,pull Up,0.3482777252793312,tricep dips,0.1639246861450374,0.1843530391342938,native
mmfit,w12,mmfit_w12_seg00_squats,squat,pull Up,0.25974515825510025,leg raises,0.1341139618307352,0.12563119642436504,native
mmfit,w12,mmfit_w12_seg00_squats,squat,pull Up,0.3114423453807831,leg raises,0.20622045919299126,0.10522188618779182,native
mmfit,w12,mmfit_w12_seg00_squats,squat,pull Up,0.20802506431937218,incline bench press,0.18648270145058632,0.021542362868785858,native
mmfit,w12,mmfit_w12_seg00_squats,squat,pull Up,0.3426588773727417,deadlift,0.17983786016702652,0.16282101720571518,native
mmfit,w12,mmfit_w12_seg00_squats,squat,pull Up,0.3034772202372551,chest fly machine,0.1970985010266304,0.1063787192106247,native
mmfit,w12,mmfit_w12_seg00_squats,squat,pull Up,0.3034770041704178,leg raises,0.15221632458269596,0.15126067958772182,native
mmfit,w12,mmfit_w12_seg00_squats,squat,pull Up,0.32329609245061874,leg raises,0.14991833828389645,0.1733777541667223,native
mmfit,w12,mmfit_w12_seg00_squats,squat,pull Up,0.32235225290060043,leg raises,0.15055140480399132,0.17180084809660912,native
mmfit,w12,mmfit_w12_seg00_squats,squat,pull Up,0.3152966797351837,leg raises,0.15653040539473295,0.15876627434045076,native
mmfit,w12,mmfit_w12_seg00_squats,squat,pull Up,0.29228299856185913,leg raises,0.18525441363453865,0.10702858492732048,native
mmfit,w12,mmfit_w12_seg00_squats,squat,pull Up,0.33925656974315643,leg raises,0.1300475187599659,0.20920905098319054,native
mmfit,w12,mmfit_w12_seg01_squats,squat,pull Up,0.1421080818399787,bench press,0.12748271599411964,0.01462536584585905,native
mmfit,w12,mmfit_w12_seg01_squats,squat,pull Up,0.15298562869429588,decline bench press,0.10395475523546338,0.0490308734588325,native
mmfit,w12,mmfit_w12_seg01_squats,squat,decline bench press,0.1563662167172879,pull Up,0.15431119012646377,0.002055026590824127,native
mmfit,w12,mmfit_w12_seg01_squats,squat,tricep dips,0.17007705941796303,pull Up,0.13400579593144357,0.036071263486519456,native
mmfit,w12,mmfit_w12_seg01_squats,squat,pull Up,0.1995790158980526,tricep dips,0.1714110765606165,0.02816793933743611,native
mmfit,w12,mmfit_w12_seg01_squats,squat,pull Up,0.3729413226246834,tricep dips,0.16840405645780265,0.20453726616688073,native
mmfit,w12,mmfit_w12_seg01_squats,squat,pull Up,0.3185714855790138,tricep Pushdown,0.16446826979517937,0.15410321578383446,native
mmfit,w12,mmfit_w12_seg01_squats,squat,pull Up,0.2218305147252977,leg raises,0.1690288814716041,0.05280163325369358,native
mmfit,w12,mmfit_w12_seg01_squats,squat,chest fly machine,0.24625787883996964,leg raises,0.19505821354687214,0.051199665293097496,native
mmfit,w12,mmfit_w12_seg01_squats,squat,pull Up,0.2144614327698946,leg raises,0.21314301528036594,0.001318417489528656,native
mmfit,w12,mmfit_w12_seg01_squats,squat,chest fly machine,0.22231199592351913,pull Up,0.21165818721055984,0.01065380871295929,native
mmfit,w12,mmfit_w12_seg01_squats,squat,leg raises,0.24855976458638906,chest fly machine,0.20627498999238014,0.04228477459400892,native
mmfit,w12,mmfit_w12_seg01_squats,squat,pull Up,0.2209826521575451,leg raises,0.216545925475657,0.0044367266818881035,native
mmfit,w12,mmfit_w12_seg01_squats,squat,pull Up,0.2329927757382393,leg raises,0.20821911562234163,0.024773660115897655,native
mmfit,w12,mmfit_w12_seg01_squats,squat,pull Up,0.229265246540308,leg raises,0.21289411932229996,0.01637112721800804,native
mmfit,w12,mmfit_w12_seg01_squats,squat,pull Up,0.2407931610941887,leg raises,0.20215381775051355,0.03863934334367514,native
mmfit,w12,mmfit_w12_seg02_squats,squat,chest fly machine,0.25856591761112213,incline bench press,0.2012903243303299,0.057275593280792236,native
mmfit,w12,mmfit_w12_seg02_squats,squat,pull Up,0.26427583768963814,chest fly machine,0.14973384514451027,0.11454199254512787,native
mmfit,w12,mmfit_w12_seg02_squats,squat,pull Up,0.296161737293005,leg raises,0.1334238089621067,0.16273792833089828,native
mmfit,w12,mmfit_w12_seg02_squats,squat,pull Up,0.24518853053450584,leg raises,0.1966748908162117,0.048513639718294144,native
mmfit,w12,mmfit_w12_seg02_squats,squat,leg raises,0.21571072190999985,pull Up,0.2083431314677,0.007367590442299843,native
mmfit,w12,mmfit_w12_seg02_squats,squat,pull Up,0.21060755103826523,leg raises,0.20288608223199844,0.007721468806266785,native
mmfit,w12,mmfit_w12_seg02_squats,squat,pull Up,0.20624218694865704,leg raises,0.20011258125305176,0.006129605695605278,native
mmfit,w12,mmfit_w12_seg02_squats,squat,leg raises,0.21858713030815125,pull Up,0.19318025931715965,0.025406870990991592,native
mmfit,w12,mmfit_w12_seg02_squats,squat,pull Up,0.25448089092969894,leg raises,0.2444399669766426,0.010040923953056335,native
mmfit,w12,mmfit_w12_seg02_squats,squat,pull Up,0.29315586760640144,shoulder press,0.12181536591378972,0.17134050169261172,native
mmfit,w12,mmfit_w12_seg02_squats,squat,bench press,0.2032468430697918,deadlift,0.16491153836250305,0.03833530470728874,native
mmfit,w12,mmfit_w12_seg02_squats,squat,pull Up,0.24074550066143274,bench press,0.16909113712608814,0.0716543635353446,native
mmfit,w12,mmfit_w12_seg02_squats,squat,pull Up,0.2510526869446039,tricep dips,0.1371247885253979,0.11392789841920603,native
mmfit,w12,mmfit_w12_seg02_squats,squat,pull Up,0.28245148435235023,bench press,0.20859739370644093,0.07385409064590931,native
mmfit,w12,mmfit_w12_seg02_squats,squat,pull Up,0.42114804685115814,tricep dips,0.15006605739472434,0.2710819894564338,native
mmfit,w12,mmfit_w12_seg02_squats,squat,pull Up,0.4282485321164131,shoulder press,0.1511632832698524,0.2770852488465607,native
mmfit,w12,mmfit_w12_seg02_squats,squat,shoulder press,0.1705266209319234,leg raises,0.12968281714711338,0.04084380378481001,native
mmfit,w12,mmfit_w12_seg03_pushups,push-up,shoulder press,0.16491765342652798,squat,0.16155800968408585,0.003359643742442131,native
mmfit,w12,mmfit_w12_seg03_pushups,push-up,shoulder press,0.17114167648833245,squat,0.1605069264769554,0.010634750011377037,native
mmfit,w12,mmfit_w12_seg03_pushups,push-up,shoulder press,0.172337104100734,squat,0.15520968288183212,0.017127421218901873,native
mmfit,w12,mmfit_w12_seg03_pushups,push-up,shoulder press,0.17279928154312074,squat,0.15596216544508934,0.0168371160980314,native
mmfit,w12,mmfit_w12_seg03_pushups,push-up,shoulder press,0.1688983717467636,squat,0.1579243168234825,0.010974054923281074,native
mmfit,w12,mmfit_w12_seg03_pushups,push-up,squat,0.18718277662992477,shoulder press,0.1613899216754362,0.025792854954488575,native
mmfit,w12,mmfit_w12_seg03_pushups,push-up,squat,0.1776895374059677,shoulder press,0.1577406208962202,0.019948916509747505,native
mmfit,w12,mmfit_w12_seg03_pushups,push-up,squat,0.16756009310483932,shoulder press,0.16269041551277041,0.004869677592068911,native
mmfit,w12,mmfit_w12_seg03_pushups,push-up,squat,0.18133632466197014,shoulder press,0.15620696713449433,0.025129357527475804,native
mmfit,w12,mmfit_w12_seg03_pushups,push-up,squat,0.17321525514125824,shoulder press,0.16895254026167095,0.004262714879587293,native
mmfit,w12,mmfit_w12_seg03_pushups,push-up,squat,0.1722710095345974,shoulder press,0.17066443501971662,0.0016065745148807764,native
mmfit,w12,mmfit_w12_seg04_pushups,push-up,shoulder press,0.20219774695578963,squat,0.17672161757946014,0.02547612937632948,native
mmfit,w12,mmfit_w12_seg04_pushups,push-up,shoulder press,0.20860828610602766,squat,0.18838348612189293,0.020224799984134734,native
mmfit,w12,mmfit_w12_seg04_pushups,push-up,squat,0.21758009865880013,shoulder press,0.20541353337466717,0.012166565284132957,native
mmfit,w12,mmfit_w12_seg04_pushups,push-up,shoulder press,0.2027406096458435,leg extension,0.18824603036046028,0.014494579285383224,native
mmfit,w12,mmfit_w12_seg04_pushups,push-up,shoulder press,0.20643465011380613,squat,0.18089823797345161,0.025536412140354514,native
mmfit,w12,mmfit_w12_seg04_pushups,push-up,shoulder press,0.20070241612847894,squat,0.19613488391041756,0.0045675322180613875,native
mmfit,w12,mmfit_w12_seg04_pushups,push-up,shoulder press,0.20741327526047826,leg extension,0.19208981469273567,0.015323460567742586,native
mmfit,w12,mmfit_w12_seg04_pushups,push-up,squat,0.25407737493515015,shoulder press,0.2052723771193996,0.04880499781575054,native
mmfit,w12,mmfit_w12_seg04_pushups,push-up,squat,0.20544104278087616,shoulder press,0.20295955066103488,0.0024814921198412776,native
mmfit,w12,mmfit_w12_seg04_pushups,push-up,shoulder press,0.2014650641940534,leg extension,0.18460624292492867,0.016858821269124746,native
mmfit,w12,mmfit_w12_seg04_pushups,push-up,shoulder press,0.20198883261764422,squat,0.17340996861457825,0.028578864003065974,native
mmfit,w12,mmfit_w12_seg04_pushups,push-up,leg extension,0.22533951327204704,incline bench press,0.21837319433689117,0.0069663189351558685,native
mmfit,w12,mmfit_w12_seg05_pushups,push-up,shoulder press,0.1739329567644745,squat,0.1672985516488552,0.006634405115619302,native
mmfit,w12,mmfit_w12_seg05_pushups,push-up,squat,0.19164692610502243,shoulder press,0.16043798939790577,0.031208936707116663,native
mmfit,w12,mmfit_w12_seg05_pushups,push-up,shoulder press,0.19702954858075827,squat,0.1753247082233429,0.021704840357415378,native
mmfit,w12,mmfit_w12_seg05_pushups,push-up,shoulder press,0.20376039040274918,squat,0.17820573039352894,0.025554660009220243,native
mmfit,w12,mmfit_w12_seg05_pushups,push-up,shoulder press,0.20193050301168114,squat,0.17681836523115635,0.02511213778052479,native
mmfit,w12,mmfit_w12_seg05_pushups,push-up,squat,0.22073394805192947,shoulder press,0.17590433591976762,0.044829612132161856,native
mmfit,w12,mmfit_w12_seg05_pushups,push-up,shoulder press,0.1731166944373399,squat,0.16809352114796638,0.005023173289373517,native
mmfit,w12,mmfit_w12_seg05_pushups,push-up,squat,0.22444597259163857,shoulder press,0.1572361736325547,0.06720979895908386,native
mmfit,w12,mmfit_w12_seg05_pushups,push-up,squat,0.21983874775469303,shoulder press,0.1729996568756178,0.04683909087907523,native
mmfit,w12,mmfit_w12_seg05_pushups,push-up,squat,0.2224945593625307,shoulder press,0.17211177852004766,0.050382780842483044,native
mmfit,w12,mmfit_w12_seg05_pushups,push-up,squat,0.22359120845794678,shoulder press,0.17342505848500878,0.050166149972938,native
mmfit,w12,mmfit_w12_seg05_pushups,push-up,squat,0.2215957846492529,shoulder press,0.17659701860975474,0.04499876603949815,native
mmfit,w12,mmfit_w12_seg05_pushups,push-up,squat,0.2213797364383936,shoulder press,0.17482640105299652,0.04655333538539708,native
mmfit,w12,mmfit_w12_seg06_dumbbell_shoulder_press,shoulder press,squat,0.24970201775431633,shoulder press,0.16371619142591953,0.0859858263283968,native
mmfit,w12,mmfit_w12_seg06_dumbbell_shoulder_press,shoulder press,squat,0.21231852658092976,shoulder press,0.1735918812919408,0.03872664528898895,native
mmfit,w12,mmfit_w12_seg06_dumbbell_shoulder_press,shoulder press,squat,0.20743693970143795,shoulder press,0.17069525830447674,0.03674168139696121,native
mmfit,w12,mmfit_w12_seg06_dumbbell_shoulder_press,shoulder press,squat,0.21275450102984905,shoulder press,0.17093727993778884,0.04181722109206021,native
mmfit,w12,mmfit_w12_seg06_dumbbell_shoulder_press,shoulder press,squat,0.2082331534475088,shoulder press,0.16891672788187861,0.0393164255656302,native
mmfit,w12,mmfit_w12_seg06_dumbbell_shoulder_press,shoulder press,squat,0.20698454044759274,shoulder press,0.17068030638620257,0.03630423406139016,native
mmfit,w12,mmfit_w12_seg06_dumbbell_shoulder_press,shoulder press,squat,0.20786913856863976,shoulder press,0.1624145247042179,0.045454613864421844,native
mmfit,w12,mmfit_w12_seg06_dumbbell_shoulder_press,shoulder press,squat,0.22012976184487343,shoulder press,0.16997301392257214,0.05015674792230129,native
mmfit,w12,mmfit_w12_seg06_dumbbell_shoulder_press,shoulder press,pull Up,0.2730936724692583,squat,0.1692946832627058,0.1037989892065525,native
mmfit,w12,mmfit_w12_seg06_dumbbell_shoulder_press,shoulder press,incline bench press,0.36220207065343857,lat pulldown,0.11401373706758022,0.24818833358585835,native
mmfit,w12,mmfit_w12_seg06_dumbbell_shoulder_press,shoulder press,incline bench press,0.32350970804691315,shoulder press,0.1461651602294296,0.17734454781748354,native
mmfit,w12,mmfit_w12_seg06_dumbbell_shoulder_press,shoulder press,incline bench press,0.27867379784584045,leg extension,0.22404875606298447,0.05462504178285599,native
mmfit,w12,mmfit_w12_seg06_dumbbell_shoulder_press,shoulder press,incline bench press,0.23505022004246712,shoulder press,0.19011567800771445,0.04493454203475267,native
mmfit,w12,mmfit_w12_seg06_dumbbell_shoulder_press,shoulder press,incline bench press,0.3201114684343338,shoulder press,0.14968757482711226,0.17042389360722154,native
mmfit,w12,mmfit_w12_seg06_dumbbell_shoulder_press,shoulder press,incline bench press,0.2767040468752384,leg extension,0.19324129447340965,0.08346275240182877,native
mmfit,w12,mmfit_w12_seg06_dumbbell_shoulder_press,shoulder press,incline bench press,0.21638289839029312,shoulder press,0.19407659268472344,0.022306305705569685,native
mmfit,w12,mmfit_w12_seg06_dumbbell_shoulder_press,shoulder press,incline bench press,0.30244651436805725,shoulder press,0.1705840112408623,0.13186250312719494,native
mmfit,w12,mmfit_w12_seg06_dumbbell_shoulder_press,shoulder press,incline bench press,0.2877103388309479,leg extension,0.17818941734731197,0.1095209214836359,native
mmfit,w12,mmfit_w12_seg07_dumbbell_shoulder_press,shoulder press,pull Up,0.21533985808491707,leg raises,0.16522627882659435,0.050113579258322716,native
mmfit,w12,mmfit_w12_seg07_dumbbell_shoulder_press,shoulder press,pull Up,0.22350699082016945,leg raises,0.17240587435662746,0.051101116463541985,native
mmfit,w12,mmfit_w12_seg07_dumbbell_shoulder_press,shoulder press,pull Up,0.23457473143935204,leg raises,0.17873040586709976,0.055844325572252274,native
mmfit,w12,mmfit_w12_seg07_dumbbell_shoulder_press,shoulder press,pull Up,0.2378273941576481,leg raises,0.18144360929727554,0.05638378486037254,native
mmfit,w12,mmfit_w12_seg07_dumbbell_shoulder_press,shoulder press,pull Up,0.228448286652565,leg raises,0.1798642110079527,0.04858407564461231,native
mmfit,w12,mmfit_w12_seg07_dumbbell_shoulder_press,shoulder press,pull Up,0.2066846750676632,leg raises,0.1937766894698143,0.012907985597848892,native
mmfit,w12,mmfit_w12_seg07_dumbbell_shoulder_press,shoulder press,pull Up,0.2133762463927269,leg raises,0.1859149169176817,0.027461329475045204,native
mmfit,w12,mmfit_w12_seg07_dumbbell_shoulder_press,shoulder press,pull Up,0.2239123471081257,leg raises,0.17951324582099915,0.04439910128712654,native
mmfit,w12,mmfit_w12_seg07_dumbbell_shoulder_press,shoulder press,pull Up,0.23384225368499756,leg raises,0.16854563355445862,0.06529662013053894,native
mmfit,w12,mmfit_w12_seg07_dumbbell_shoulder_press,shoulder press,pull Up,0.24770671501755714,leg raises,0.18237964808940887,0.06532706692814827,native
mmfit,w12,mmfit_w12_seg07_dumbbell_shoulder_press,shoulder press,pull Up,0.24402450770139694,leg raises,0.18710838072001934,0.0569161269813776,native
mmfit,w12,mmfit_w12_seg07_dumbbell_shoulder_press,shoulder press,pull Up,0.23475156724452972,leg raises,0.18849667347967625,0.04625489376485348,native
mmfit,w12,mmfit_w12_seg07_dumbbell_shoulder_press,shoulder press,pull Up,0.22791830450296402,leg raises,0.18976111337542534,0.03815719112753868,native
mmfit,w12,mmfit_w12_seg07_dumbbell_shoulder_press,shoulder press,pull Up,0.2344120480120182,leg raises,0.1772282999008894,0.05718374811112881,native
mmfit,w12,mmfit_w12_seg07_dumbbell_shoulder_press,shoulder press,pull Up,0.22926538065075874,leg raises,0.16684101754799485,0.06242436310276389,native
mmfit,w12,mmfit_w12_seg07_dumbbell_shoulder_press,shoulder press,pull Up,0.23095384612679482,leg raises,0.16323864040896297,0.06771520571783185,native
mmfit,w12,mmfit_w12_seg07_dumbbell_shoulder_press,shoulder press,pull Up,0.22562110796570778,leg raises,0.1683931523002684,0.05722795566543937,native
mmfit,w12,mmfit_w12_seg08_dumbbell_shoulder_press,shoulder press,pull Up,0.21512873470783234,leg raises,0.20733952336013317,0.007789211347699165,native
mmfit,w12,mmfit_w12_seg08_dumbbell_shoulder_press,shoulder press,leg raises,0.2113901600241661,pull Up,0.21094488352537155,0.00044527649879455566,native
mmfit,w12,mmfit_w12_seg08_dumbbell_shoulder_press,shoulder press,pull Up,0.2124591451138258,leg raises,0.21205997094511986,0.00039917416870594025,native
mmfit,w12,mmfit_w12_seg08_dumbbell_shoulder_press,shoulder press,pull Up,0.21608185768127441,leg raises,0.2073177546262741,0.008764103055000305,native
mmfit,w12,mmfit_w12_seg08_dumbbell_shoulder_press,shoulder press,leg raises,0.21366580948233604,pull Up,0.21048343181610107,0.00318237766623497,native
mmfit,w12,mmfit_w12_seg08_dumbbell_shoulder_press,shoulder press,leg raises,0.21479634940624237,pull Up,0.20408987253904343,0.010706476867198944,native
mmfit,w12,mmfit_w12_seg08_dumbbell_shoulder_press,shoulder press,leg raises,0.2142277378588915,pull Up,0.20624147169291973,0.007986266165971756,native
mmfit,w12,mmfit_w12_seg08_dumbbell_shoulder_press,shoulder press,leg raises,0.21626893989741802,pull Up,0.2028674092143774,0.013401530683040619,native
mmfit,w12,mmfit_w12_seg08_dumbbell_shoulder_press,shoulder press,leg raises,0.21611188352108002,pull Up,0.20368812046945095,0.012423763051629066,native
mmfit,w12,mmfit_w12_seg08_dumbbell_shoulder_press,shoulder press,leg raises,0.21672606840729713,pull Up,0.20495250262320042,0.011773565784096718,native
mmfit,w12,mmfit_w12_seg08_dumbbell_shoulder_press,shoulder press,leg raises,0.2200504206120968,pull Up,0.21484025195240974,0.005210168659687042,native
mmfit,w12,mmfit_w12_seg08_dumbbell_shoulder_press,shoulder press,pull Up,0.22392446920275688,leg raises,0.1927149761468172,0.031209493055939674,native
mmfit,w12,mmfit_w12_seg08_dumbbell_shoulder_press,shoulder press,pull Up,0.24026065692305565,leg raises,0.1780863180756569,0.06217433884739876,native
mmfit,w12,mmfit_w12_seg08_dumbbell_shoulder_press,shoulder press,pull Up,0.2459200881421566,leg raises,0.17088239081203938,0.07503769733011723,native
mmfit,w12,mmfit_w12_seg08_dumbbell_shoulder_press,shoulder press,pull Up,0.2350783795118332,leg raises,0.17661899514496326,0.058459384366869926,native
mmfit,w13,mmfit_w13_seg00_squats,squat,pull Up,0.3413941115140915,squat,0.1368611454963684,0.20453296601772308,native
mmfit,w13,mmfit_w13_seg00_squats,squat,pull Up,0.33488140255212784,squat,0.11088491976261139,0.22399648278951645,native
mmfit,w13,mmfit_w13_seg00_squats,squat,pull Up,0.1977770496159792,leg raises,0.186379911378026,0.011397138237953186,native
mmfit,w13,mmfit_w13_seg00_squats,squat,pull Up,0.3019263297319412,lat pulldown,0.1653552521020174,0.13657107762992382,native
mmfit,w13,mmfit_w13_seg00_squats,squat,lat pulldown,0.2114567831158638,pull Up,0.15504617802798748,0.05641060508787632,native
mmfit,w13,mmfit_w13_seg00_squats,squat,leg raises,0.2187690167920664,pull Up,0.13354413385968655,0.08522488293237984,native
mmfit,w13,mmfit_w13_seg00_squats,squat,pull Up,0.16475741658359766,push-up,0.15306967124342918,0.011687745340168476,native
mmfit,w13,mmfit_w13_seg00_squats,squat,shoulder press,0.15407190704718232,pull Up,0.1539790164679289,9.289057925343513e-05,native
mmfit,w13,mmfit_w13_seg00_squats,squat,pull Up,0.17679005302488804,shoulder press,0.1537378802895546,0.023052172735333443,native
mmfit,w13,mmfit_w13_seg00_squats,squat,pull Up,0.1905144304037094,shoulder press,0.12982052937150002,0.060693901032209396,native
mmfit,w13,mmfit_w13_seg00_squats,squat,pull Up,0.19444593228399754,shoulder press,0.14268371649086475,0.05176221579313278,native
mmfit,w13,mmfit_w13_seg00_squats,squat,pull Up,0.18554545287042856,shoulder press,0.14971112739294767,0.03583432547748089,native
mmfit,w13,mmfit_w13_seg00_squats,squat,pull Up,0.1997489556670189,shoulder press,0.1369545990601182,0.06279435660690069,native
mmfit,w13,mmfit_w13_seg00_squats,squat,pull Up,0.2057282542809844,shoulder press,0.16349809058010578,0.04223016370087862,native
mmfit,w13,mmfit_w13_seg00_squats,squat,pull Up,0.17509904876351357,shoulder press,0.15294602513313293,0.02215302363038063,native
mmfit,w13,mmfit_w13_seg00_squats,squat,pull Up,0.17484228033572435,push-up,0.15024491026997566,0.02459737006574869,native
mmfit,w13,mmfit_w13_seg00_squats,squat,pull Up,0.17934411764144897,bench press,0.1322948235902004,0.04704929405124858,native
mmfit,w13,mmfit_w13_seg01_squats,squat,leg raises,0.23679279908537865,pull Up,0.15624339692294598,0.08054940216243267,native
mmfit,w13,mmfit_w13_seg01_squats,squat,leg raises,0.2324400213547051,pull Up,0.16172508522868156,0.07071493612602353,native
mmfit,w13,mmfit_w13_seg01_squats,squat,pull Up,0.24451221339404583,leg raises,0.20395871810615063,0.0405534952878952,native
mmfit,w13,mmfit_w13_seg01_squats,squat,pull Up,0.2960035130381584,leg raises,0.13304906617850065,0.16295444685965776,native
mmfit,w13,mmfit_w13_seg01_squats,squat,pull Up,0.24857120588421822,leg raises,0.18988786172121763,0.058683344163000584,native
mmfit,w13,mmfit_w13_seg01_squats,squat,pull Up,0.2696857303380966,leg raises,0.17047960590571165,0.09920612443238497,native
mmfit,w13,mmfit_w13_seg01_squats,squat,pull Up,0.29872753098607063,leg raises,0.16661393642425537,0.13211359456181526,native
mmfit,w13,mmfit_w13_seg01_squats,squat,pull Up,0.4957493096590042,romanian deadlift,0.14145581051707268,0.35429349914193153,native
mmfit,w13,mmfit_w13_seg01_squats,squat,pull Up,0.4445912018418312,deadlift,0.10500455275177956,0.33958664909005165,native
mmfit,w13,mmfit_w13_seg01_squats,squat,pull Up,0.2963494807481766,deadlift,0.2153015360236168,0.08104794472455978,native
mmfit,w13,mmfit_w13_seg01_squats,squat,pull Up,0.23254514206200838,leg raises,0.21909161284565926,0.013453529216349125,native
mmfit,w13,mmfit_w13_seg01_squats,squat,leg raises,0.25679313763976097,pull Up,0.19039225578308105,0.06640088185667992,native
mmfit,w13,mmfit_w13_seg01_squats,squat,leg raises,0.22825753316283226,pull Up,0.22280335426330566,0.005454178899526596,native
mmfit,w13,mmfit_w13_seg01_squats,squat,pull Up,0.37327561154961586,leg raises,0.16547621600329876,0.2077993955463171,native
mmfit,w13,mmfit_w13_seg01_squats,squat,leg raises,0.22730522975325584,pull Up,0.21552572213113308,0.011779507622122765,native
mmfit,w13,mmfit_w13_seg01_squats,squat,leg raises,0.21910837665200233,pull Up,0.21634835563600063,0.0027600210160017014,native
mmfit,w13,mmfit_w13_seg01_squats,squat,pull Up,0.22841275949031115,leg raises,0.20308804884552956,0.02532471064478159,native
mmfit,w13,mmfit_w13_seg02_squats,squat,pull Up,0.27139656990766525,leg raises,0.18059037998318672,0.09080618992447853,native
mmfit,w13,mmfit_w13_seg02_squats,squat,pull Up,0.26862999238073826,leg raises,0.18095789104700089,0.08767210133373737,native
mmfit,w13,mmfit_w13_seg02_squats,squat,pull Up,0.2707193046808243,leg raises,0.1798797808587551,0.09083952382206917,native
mmfit,w13,mmfit_w13_seg02_squats,squat,pull Up,0.2775361556559801,leg raises,0.1787792704999447,0.09875688515603542,native
mmfit,w13,mmfit_w13_seg02_squats,squat,pull Up,0.27947123907506466,leg raises,0.187845379114151,0.09162585996091366,native
mmfit,w13,mmfit_w13_seg02_squats,squat,pull Up,0.2764937374740839,leg raises,0.17833377793431282,0.09815995953977108,native
mmfit,w13,mmfit_w13_seg02_squats,squat,pull Up,0.2855407912284136,leg raises,0.17747247964143753,0.10806831158697605,native
mmfit,w13,mmfit_w13_seg02_squats,squat,pull Up,0.29606302455067635,leg raises,0.18224569037556648,0.11381733417510986,native
mmfit,w13,mmfit_w13_seg02_squats,squat,pull Up,0.3272527977824211,leg raises,0.1491506826132536,0.17810211516916752,native
mmfit,w13,mmfit_w13_seg02_squats,squat,pull Up,0.305734284222126,deadlift,0.1261262595653534,0.1796080246567726,native
mmfit,w13,mmfit_w13_seg02_squats,squat,pull Up,0.30777881667017937,leg raises,0.19699743390083313,0.11078138276934624,native
mmfit,w13,mmfit_w13_seg02_squats,squat,pull Up,0.23250463232398033,leg raises,0.21481359750032425,0.017691034823656082,native
mmfit,w13,mmfit_w13_seg02_squats,squat,pull Up,0.21185865253210068,leg raises,0.20014178846031427,0.011716864071786404,native
mmfit,w13,mmfit_w13_seg02_squats,squat,pull Up,0.2432385589927435,leg raises,0.20125318132340908,0.04198537766933441,native
mmfit,w13,mmfit_w13_seg02_squats,squat,pull Up,0.2580586392432451,leg raises,0.19955747202038765,0.058501167222857475,native
mmfit,w13,mmfit_w13_seg02_squats,squat,pull Up,0.26721044816076756,leg raises,0.2008068561553955,0.06640359200537205,native
mmfit,w13,mmfit_w13_seg03_pushups,push-up,pull Up,0.18231953494250774,push-up,0.1430082470178604,0.03931128792464733,native
mmfit,w13,mmfit_w13_seg03_pushups,push-up,pull Up,0.2116035707294941,leg raises,0.12809813203057274,0.08350543869892135,native
mmfit,w13,mmfit_w13_seg03_pushups,push-up,pull Up,0.22720200195908546,shoulder press,0.1236330815590918,0.10356892039999366,native
mmfit,w13,mmfit_w13_seg03_pushups,push-up,pull Up,0.22911933809518814,leg raises,0.1281536113237962,0.10096572677139193,native
mmfit,w13,mmfit_w13_seg03_pushups,push-up,pull Up,0.25722258538007736,lat pulldown,0.12141065392643213,0.13581193145364523,native
mmfit,w13,mmfit_w13_seg03_pushups,push-up,pull Up,0.2582029923796654,lat pulldown,0.15063448017463088,0.1075685122050345,native
mmfit,w13,mmfit_w13_seg03_pushups,push-up,pull Up,0.2077967207878828,lat pulldown,0.13836055621504784,0.06943616457283497,native
mmfit,w13,mmfit_w13_seg03_pushups,push-up,pull Up,0.2183733470737934,shoulder press,0.12793551664799452,0.09043783042579889,native
mmfit,w13,mmfit_w13_seg03_pushups,push-up,pull Up,0.22304309904575348,leg raises,0.1317251066211611,0.09131799242459238,native
mmfit,w13,mmfit_w13_seg03_pushups,push-up,pull Up,0.22100936621427536,leg raises,0.17491460498422384,0.04609476123005152,native
mmfit,w13,mmfit_w13_seg03_pushups,push-up,pull Up,0.3394879996776581,shoulder press,0.10618197545409203,0.23330602422356606,native
mmfit,w13,mmfit_w13_seg03_pushups,push-up,pull Up,0.17719537764787674,squat,0.13434424251317978,0.04285113513469696,native
mmfit,w13,mmfit_w13_seg04_pushups,push-up,pull Up,0.49001409113407135,squat,0.09113787769456394,0.3988762134395074,native
mmfit,w13,mmfit_w13_seg04_pushups,push-up,pull Up,0.4902772605419159,squat,0.10202489024959505,0.38825237029232085,native
mmfit,w13,mmfit_w13_seg04_pushups,push-up,squat,0.23863905668258667,leg raises,0.14893030235543847,0.0897087543271482,native
mmfit,w13,mmfit_w13_seg04_pushups,push-up,shoulder press,0.17211397783830762,leg raises,0.14307739573996514,0.02903658209834248,native
mmfit,w13,mmfit_w13_seg04_pushups,push-up,shoulder press,0.16790310852229595,leg raises,0.14193480310495943,0.025968305417336524,native
mmfit,w13,mmfit_w13_seg04_pushups,push-up,shoulder press,0.17258536233566701,leg raises,0.1419749699998647,0.030610392335802317,native
mmfit,w13,mmfit_w13_seg04_pushups,push-up,shoulder press,0.17623215983621776,pull Up,0.14396425057202578,0.032267909264191985,native
mmfit,w13,mmfit_w13_seg04_pushups,push-up,shoulder press,0.17038356780540198,pull Up,0.14199313195422292,0.028390435851179063,native
mmfit,w13,mmfit_w13_seg04_pushups,push-up,shoulder press,0.17021980043500662,leg raises,0.1524686417542398,0.01775115868076682,native
mmfit,w13,mmfit_w13_seg04_pushups,push-up,incline bench press,0.37788567692041397,leg extension,0.18848969787359238,0.1893959790468216,native
mmfit,w13,mmfit_w13_seg04_pushups,push-up,incline bench press,0.2907974272966385,leg extension,0.1910460703074932,0.09975135698914528,native
mmfit,w13,mmfit_w13_seg04_pushups,push-up,incline bench press,0.39416901022195816,squat,0.1294297520071268,0.26473925821483135,native
mmfit,w13,mmfit_w13_seg05_pushups,push-up,squat,0.15540838614106178,shoulder press,0.1495889900252223,0.005819396115839481,native
mmfit,w13,mmfit_w13_seg05_pushups,push-up,squat,0.17017507553100586,shoulder press,0.14945573755539954,0.020719337975606322,native
mmfit,w13,mmfit_w13_seg05_pushups,push-up,squat,0.16268294677138329,shoulder press,0.14655410405248404,0.01612884271889925,native
mmfit,w13,mmfit_w13_seg05_pushups,push-up,squat,0.18383950367569923,shoulder press,0.13038739358307794,0.0534521100926213,native
mmfit,w13,mmfit_w13_seg05_pushups,push-up,squat,0.16886821016669273,shoulder press,0.14021780679468066,0.02865040337201208,native
mmfit,w13,mmfit_w13_seg05_pushups,push-up,shoulder press,0.15786594280507416,squat,0.14925266057252884,0.008613282232545316,native
mmfit,w13,mmfit_w13_seg05_pushups,push-up,shoulder press,0.15830458281561732,squat,0.15692973881959915,0.0013748439960181713,native
mmfit,w13,mmfit_w13_seg05_pushups,push-up,shoulder press,0.15309453196823597,squat,0.15106306597590446,0.002031465992331505,native
mmfit,w13,mmfit_w13_seg05_pushups,push-up,shoulder press,0.15733886195812374,squat,0.150541789829731,0.006797072128392756,native
mmfit,w13,mmfit_w13_seg05_pushups,push-up,shoulder press,0.15505376318469644,squat,0.15350783243775368,0.0015459307469427586,native
mmfit,w13,mmfit_w13_seg05_pushups,push-up,squat,0.15980003029108047,shoulder press,0.15658770722802728,0.0032123230630531907,native
mmfit,w13,mmfit_w13_seg06_dumbbell_shoulder_press,shoulder press,squat,0.24950642883777618,incline bench press,0.1672053448855877,0.08230108395218849,native
mmfit,w13,mmfit_w13_seg06_dumbbell_shoulder_press,shoulder press,squat,0.26692523062229156,incline bench press,0.23686286062002182,0.030062370002269745,native
mmfit,w13,mmfit_w13_seg06_dumbbell_shoulder_press,shoulder press,squat,0.2421298511326313,shoulder press,0.178949007531628,0.06318084360100329,native
mmfit,w13,mmfit_w13_seg06_dumbbell_shoulder_press,shoulder press,squat,0.24625779315829277,incline bench press,0.2082969769835472,0.03796081617474556,native
mmfit,w13,mmfit_w13_seg06_dumbbell_shoulder_press,shoulder press,squat,0.2218073047697544,leg extension,0.1691216416656971,0.05268566310405731,native
mmfit,w13,mmfit_w13_seg06_dumbbell_shoulder_press,shoulder press,squat,0.2839321121573448,incline bench press,0.21787918359041214,0.06605292856693268,native
mmfit,w13,mmfit_w13_seg06_dumbbell_shoulder_press,shoulder press,leg extension,0.20707128196954727,incline bench press,0.1923597864806652,0.014711495488882065,native
mmfit,w13,mmfit_w13_seg06_dumbbell_shoulder_press,shoulder press,squat,0.2542015127837658,shoulder press,0.16768221301026642,0.08651929977349937,native
mmfit,w13,mmfit_w13_seg06_dumbbell_shoulder_press,shoulder press,incline bench press,0.2563741207122803,squat,0.15526626724749804,0.10110785346478224,native
mmfit,w13,mmfit_w13_seg06_dumbbell_shoulder_press,shoulder press,squat,0.23996856808662415,shoulder press,0.1678112130612135,0.07215735502541065,native
mmfit,w13,mmfit_w13_seg06_dumbbell_shoulder_press,shoulder press,squat,0.26943517848849297,incline bench press,0.23585228621959686,0.0335828922688961,native
mmfit,w13,mmfit_w13_seg06_dumbbell_shoulder_press,shoulder press,leg extension,0.1952720507979393,squat,0.17943425104022026,0.01583779975771904,native
mmfit,w13,mmfit_w13_seg06_dumbbell_shoulder_press,shoulder press,squat,0.30569903552532196,incline bench press,0.2139027751982212,0.09179626032710075,native
mmfit,w13,mmfit_w13_seg06_dumbbell_shoulder_press,shoulder press,pull Up,0.3165517933666706,squat,0.17680503241717815,0.13974676094949245,native
mmfit,w13,mmfit_w13_seg06_dumbbell_shoulder_press,shoulder press,pull Up,0.3784491792321205,deadlift,0.21425025165081024,0.16419892758131027,native
mmfit,w13,mmfit_w13_seg06_dumbbell_shoulder_press,shoulder press,pull Up,0.30559382028877735,deadlift,0.13791636191308498,0.16767745837569237,native
mmfit,w13,mmfit_w13_seg06_dumbbell_shoulder_press,shoulder press,pull Up,0.4092644862830639,squat,0.13902511820197105,0.27023936808109283,native
mmfit,w13,mmfit_w13_seg07_dumbbell_shoulder_press,shoulder press,pull Up,0.27617410756647587,tricep dips,0.16179859801195562,0.11437550955452025,native
mmfit,w13,mmfit_w13_seg07_dumbbell_shoulder_press,shoulder press,pull Up,0.39483193308115005,tricep dips,0.1623518595006317,0.23248007358051836,native
mmfit,w13,mmfit_w13_seg07_dumbbell_shoulder_press,shoulder press,pull Up,0.3788600265979767,tricep dips,0.1405171228107065,0.2383429037872702,native
mmfit,w13,mmfit_w13_seg07_dumbbell_shoulder_press,shoulder press,pull Up,0.24477116763591766,leg raises,0.18813667632639408,0.05663449130952358,native
mmfit,w13,mmfit_w13_seg07_dumbbell_shoulder_press,shoulder press,pull Up,0.3138539455831051,lat pulldown,0.2359345182776451,0.07791942730545998,native
mmfit,w13,mmfit_w13_seg07_dumbbell_shoulder_press,shoulder press,pull Up,0.3565032184123993,shoulder press,0.199810940772295,0.1566922776401043,native
mmfit,w13,mmfit_w13_seg07_dumbbell_shoulder_press,shoulder press,pull Up,0.2922917380928993,leg raises,0.1602065097540617,0.13208522833883762,native
mmfit,w13,mmfit_w13_seg07_dumbbell_shoulder_press,shoulder press,pull Up,0.35051439702510834,tricep dips,0.14832443639170378,0.20218996063340455,native
mmfit,w13,mmfit_w13_seg07_dumbbell_shoulder_press,shoulder press,pull Up,0.3072948344051838,leg raises,0.1595394816249609,0.1477553527802229,native
mmfit,w13,mmfit_w13_seg07_dumbbell_shoulder_press,shoulder press,pull Up,0.47740041464567184,tricep dips,0.11049588263267651,0.36690453201299533,native
mmfit,w13,mmfit_w13_seg07_dumbbell_shoulder_press,shoulder press,pull Up,0.4283987060189247,deadlift,0.14939218387007713,0.2790065221488476,native
mmfit,w13,mmfit_w13_seg07_dumbbell_shoulder_press,shoulder press,pull Up,0.31123827770352364,deadlift,0.18304512277245522,0.12819315493106842,native
mmfit,w13,mmfit_w13_seg07_dumbbell_shoulder_press,shoulder press,pull Up,0.28521862626075745,leg raises,0.18264002166688442,0.10257860459387302,native
mmfit,w13,mmfit_w13_seg07_dumbbell_shoulder_press,shoulder press,pull Up,0.27089196629822254,leg raises,0.1808254588395357,0.09006650745868683,native
mmfit,w13,mmfit_w13_seg07_dumbbell_shoulder_press,shoulder press,pull Up,0.28691282868385315,leg raises,0.19326415285468102,0.09364867582917213,native
mmfit,w13,mmfit_w13_seg07_dumbbell_shoulder_press,shoulder press,leg raises,0.24788902886211872,pull Up,0.21106581203639507,0.03682321682572365,native
mmfit,w13,mmfit_w13_seg08_dumbbell_shoulder_press,shoulder press,pull Up,0.31662391498684883,t bar row,0.23213938251137733,0.0844845324754715,native
mmfit,w13,mmfit_w13_seg08_dumbbell_shoulder_press,shoulder press,leg raises,0.1988813786301762,pull Up,0.18259339779615402,0.016287980834022164,native
mmfit,w13,mmfit_w13_seg08_dumbbell_shoulder_press,shoulder press,leg raises,0.20667506661266088,shoulder press,0.16307407990098,0.04360098671168089,native
mmfit,w13,mmfit_w13_seg08_dumbbell_shoulder_press,shoulder press,leg raises,0.21127960784360766,leg extension,0.18024902418255806,0.031030583661049604,native
mmfit,w13,mmfit_w13_seg08_dumbbell_shoulder_press,shoulder press,pull Up,0.27999099902808666,leg raises,0.14631413109600544,0.13367686793208122,native
mmfit,w13,mmfit_w13_seg08_dumbbell_shoulder_press,shoulder press,pull Up,0.27528668753802776,leg raises,0.16100133210420609,0.11428535543382168,native
mmfit,w13,mmfit_w13_seg08_dumbbell_shoulder_press,shoulder press,pull Up,0.2729026544839144,leg raises,0.18137685395777225,0.09152580052614212,native
mmfit,w13,mmfit_w13_seg08_dumbbell_shoulder_press,shoulder press,pull Up,0.26350885443389416,leg raises,0.17013628967106342,0.09337256476283073,native
mmfit,w13,mmfit_w13_seg08_dumbbell_shoulder_press,shoulder press,pull Up,0.27729745768010616,leg raises,0.16098512895405293,0.11631232872605324,native
mmfit,w13,mmfit_w13_seg08_dumbbell_shoulder_press,shoulder press,pull Up,0.2723862733691931,leg raises,0.16109483502805233,0.11129143834114075,native
mmfit,w13,mmfit_w13_seg08_dumbbell_shoulder_press,shoulder press,pull Up,0.266526622697711,leg raises,0.17267180047929287,0.09385482221841812,native
mmfit,w13,mmfit_w13_seg08_dumbbell_shoulder_press,shoulder press,pull Up,0.2856738679111004,leg raises,0.16975238174200058,0.11592148616909981,native
mmfit,w13,mmfit_w13_seg08_dumbbell_shoulder_press,shoulder press,pull Up,0.2863130681216717,leg raises,0.15588988550007343,0.13042318262159824,native
mmfit,w13,mmfit_w13_seg08_dumbbell_shoulder_press,shoulder press,pull Up,0.27704971469938755,leg raises,0.1566282156854868,0.12042149901390076,native
mmfit,w13,mmfit_w13_seg08_dumbbell_shoulder_press,shoulder press,pull Up,0.2857155613601208,leg raises,0.1583611313253641,0.12735443003475666,native
mmfit,w13,mmfit_w13_seg24_lateral_shoulder_raises,lateral raise,squat,0.1843564137816429,shoulder press,0.14424049342051148,0.04011592036113143,native
mmfit,w13,mmfit_w13_seg24_lateral_shoulder_raises,lateral raise,squat,0.19281043484807014,shoulder press,0.1446766721783206,0.04813376266974956,native
mmfit,w13,mmfit_w13_seg24_lateral_shoulder_raises,lateral raise,squat,0.17426827549934387,shoulder press,0.14972027542535216,0.024548000073991716,native
mmfit,w13,mmfit_w13_seg24_lateral_shoulder_raises,lateral raise,squat,0.1743466928601265,shoulder press,0.14831616717856377,0.02603052568156272,native
mmfit,w13,mmfit_w13_seg24_lateral_shoulder_raises,lateral raise,squat,0.1922803670167923,shoulder press,0.1424927986226976,0.049787568394094706,native
mmfit,w13,mmfit_w13_seg24_lateral_shoulder_raises,lateral raise,squat,0.18496952950954437,shoulder press,0.1420285776257515,0.04294095188379288,native
mmfit,w13,mmfit_w13_seg24_lateral_shoulder_raises,lateral raise,squat,0.22626859322190285,shoulder press,0.15150380926206708,0.07476478395983577,native
mmfit,w13,mmfit_w13_seg24_lateral_shoulder_raises,lateral raise,squat,0.19617922976613045,shoulder press,0.14216456620488316,0.05401466356124729,native
mmfit,w13,mmfit_w13_seg24_lateral_shoulder_raises,lateral raise,squat,0.19116055220365524,deadlift,0.15176434069871902,0.03939621150493622,native
mmfit,w13,mmfit_w13_seg24_lateral_shoulder_raises,lateral raise,squat,0.22730296477675438,leg raises,0.1495299709495157,0.07777299382723868,native
mmfit,w13,mmfit_w13_seg24_lateral_shoulder_raises,lateral raise,squat,0.23732025176286697,leg raises,0.1485229921527207,0.08879725961014628,native
mmfit,w13,mmfit_w13_seg24_lateral_shoulder_raises,lateral raise,squat,0.19045571237802505,shoulder press,0.1552144829183817,0.035241229459643364,native
mmfit,w13,mmfit_w13_seg24_lateral_shoulder_raises,lateral raise,squat,0.20735671930015087,leg raises,0.14697570964926854,0.060381009650882334,native
mmfit,w13,mmfit_w13_seg24_lateral_shoulder_raises,lateral raise,squat,0.1772901527583599,shoulder press,0.1486120498739183,0.028678102884441614,native
mmfit,w13,mmfit_w13_seg24_lateral_shoulder_raises,lateral raise,squat,0.1741369031369686,pull Up,0.1595957987010479,0.014541104435920715,native
mmfit,w13,mmfit_w13_seg25_lateral_shoulder_raises,lateral raise,pull Up,0.24044402595609426,leg raises,0.20504427328705788,0.03539975266903639,native
mmfit,w13,mmfit_w13_seg25_lateral_shoulder_raises,lateral raise,pull Up,0.23801218904554844,leg raises,0.21378453820943832,0.024227650836110115,native
mmfit,w13,mmfit_w13_seg25_lateral_shoulder_raises,lateral raise,pull Up,0.2637383956462145,leg raises,0.17173435166478157,0.09200404398143291,native
mmfit,w13,mmfit_w13_seg25_lateral_shoulder_raises,lateral raise,pull Up,0.2609921656548977,leg raises,0.18301350250840187,0.07797866314649582,native
mmfit,w13,mmfit_w13_seg25_lateral_shoulder_raises,lateral raise,pull Up,0.23725787363946438,leg raises,0.20270872488617897,0.03454914875328541,native
mmfit,w13,mmfit_w13_seg25_lateral_shoulder_raises,lateral raise,pull Up,0.2537728939205408,leg raises,0.19892426580190659,0.054848628118634224,native
mmfit,w13,mmfit_w13_seg25_lateral_shoulder_raises,lateral raise,pull Up,0.2662646882236004,leg raises,0.19082150980830193,0.07544317841529846,native
mmfit,w13,mmfit_w13_seg25_lateral_shoulder_raises,lateral raise,pull Up,0.2613585405051708,leg raises,0.18868020549416542,0.0726783350110054,native
mmfit,w13,mmfit_w13_seg25_lateral_shoulder_raises,lateral raise,pull Up,0.25718807242810726,leg raises,0.19010377302765846,0.0670842994004488,native
mmfit,w13,mmfit_w13_seg25_lateral_shoulder_raises,lateral raise,pull Up,0.24101556278765202,leg raises,0.20680742897093296,0.034208133816719055,native
mmfit,w13,mmfit_w13_seg25_lateral_shoulder_raises,lateral raise,pull Up,0.24270824063569307,leg raises,0.18236597627401352,0.060342264361679554,native
mmfit,w13,mmfit_w13_seg25_lateral_shoulder_raises,lateral raise,pull Up,0.23216589074581861,leg raises,0.18986517935991287,0.04230071138590574,native
mmfit,w13,mmfit_w13_seg25_lateral_shoulder_raises,lateral raise,pull Up,0.2437155619263649,leg raises,0.20267564617097378,0.04103991575539112,native
mmfit,w13,mmfit_w13_seg25_lateral_shoulder_raises,lateral raise,pull Up,0.25079443491995335,leg raises,0.19307374581694603,0.05772068910300732,native
mmfit,w13,mmfit_w13_seg25_lateral_shoulder_raises,lateral raise,pull Up,0.2653006464242935,leg raises,0.1706647425889969,0.09463590383529663,native
mmfit,w13,mmfit_w13_seg26_lateral_shoulder_raises,lateral raise,pull Up,0.25289787352085114,leg raises,0.19617547281086445,0.05672240070998669,native
mmfit,w13,mmfit_w13_seg26_lateral_shoulder_raises,lateral raise,pull Up,0.2537268791347742,leg raises,0.19406653195619583,0.05966034717857838,native
mmfit,w13,mmfit_w13_seg26_lateral_shoulder_raises,lateral raise,pull Up,0.2534387595951557,leg raises,0.19792957603931427,0.055509183555841446,native
mmfit,w13,mmfit_w13_seg26_lateral_shoulder_raises,lateral raise,pull Up,0.2418458592146635,leg raises,0.20151366852223873,0.040332190692424774,native
mmfit,w13,mmfit_w13_seg26_lateral_shoulder_raises,lateral raise,pull Up,0.24209907837212086,leg raises,0.19920112006366253,0.04289795830845833,native
mmfit,w13,mmfit_w13_seg26_lateral_shoulder_raises,lateral raise,pull Up,0.25398315489292145,leg raises,0.1883279476314783,0.06565520726144314,native
mmfit,w13,mmfit_w13_seg26_lateral_shoulder_raises,lateral raise,pull Up,0.25488221645355225,leg raises,0.19212527386844158,0.06275694258511066,native
mmfit,w13,mmfit_w13_seg26_lateral_shoulder_raises,lateral raise,pull Up,0.30469177290797234,leg raises,0.1592812044546008,0.14541056845337152,native
mmfit,w13,mmfit_w13_seg26_lateral_shoulder_raises,lateral raise,pull Up,0.2708592042326927,leg raises,0.18079943396151066,0.09005977027118206,native
mmfit,w13,mmfit_w13_seg26_lateral_shoulder_raises,lateral raise,pull Up,0.25531844049692154,leg raises,0.2015511654317379,0.05376727506518364,native
mmfit,w13,mmfit_w13_seg26_lateral_shoulder_raises,lateral raise,pull Up,0.2521864250302315,leg raises,0.20165308937430382,0.05053333565592766,native
mmfit,w13,mmfit_w13_seg26_lateral_shoulder_raises,lateral raise,pull Up,0.2465136330574751,leg raises,0.20018072798848152,0.04633290506899357,native
mmfit,w13,mmfit_w13_seg26_lateral_shoulder_raises,lateral raise,pull Up,0.24521988071501255,leg raises,0.19946324452757835,0.045756636187434196,native
mmfit,w13,mmfit_w13_seg26_lateral_shoulder_raises,lateral raise,pull Up,0.25225941091775894,leg raises,0.1944883093237877,0.05777110159397125,native
mmfit,w13,mmfit_w13_seg26_lateral_shoulder_raises,lateral raise,pull Up,0.25234323367476463,leg raises,0.19432073272764683,0.058022500947117805,native
mmfit,w13,mmfit_w13_seg26_lateral_shoulder_raises,lateral raise,pull Up,0.24488317593932152,leg raises,0.2004158142954111,0.04446736164391041,native
mmfit,w20,mmfit_w20_seg00_squats,squat,pull Up,0.2814079076051712,leg raises,0.13928991183638573,0.14211799576878548,native
mmfit,w20,mmfit_w20_seg00_squats,squat,pull Up,0.2942455857992172,leg raises,0.1265428690239787,0.16770271677523851,native
mmfit,w20,mmfit_w20_seg00_squats,squat,pull Up,0.2865253686904907,leg extension,0.21659541502594948,0.06992995366454124,native
mmfit,w20,mmfit_w20_seg00_squats,squat,pull Up,0.3073483183979988,shoulder press,0.18350260239094496,0.12384571600705385,native
mmfit,w20,mmfit_w20_seg00_squats,squat,shoulder press,0.31014716997742653,incline bench press,0.22685211524367332,0.0832950547337532,native
mmfit,w20,mmfit_w20_seg00_squats,squat,pull Up,0.3140783831477165,tricep dips,0.15133214043453336,0.16274624271318316,native
mmfit,w20,mmfit_w20_seg00_squats,squat,shoulder press,0.24652824830263853,pull Up,0.22383709205314517,0.02269115624949336,native
mmfit,w20,mmfit_w20_seg00_squats,squat,pull Up,0.31474620662629604,shoulder press,0.22605417156592011,0.08869203506037593,native
mmfit,w20,mmfit_w20_seg00_squats,squat,pull Up,0.3481925204396248,push-up,0.14332959987223148,0.2048629205673933,native
mmfit,w20,mmfit_w20_seg00_squats,squat,shoulder press,0.251606659963727,incline bench press,0.21809527650475502,0.03351138345897198,native
mmfit,w20,mmfit_w20_seg00_squats,squat,pull Up,0.32239893078804016,push-up,0.18400140665471554,0.13839752413332462,native
mmfit,w20,mmfit_w20_seg00_squats,squat,pull Up,0.30034166388213634,shoulder press,0.23197278007864952,0.06836888380348682,native
mmfit,w20,mmfit_w20_seg00_squats,squat,pull Up,0.30942237470299006,shoulder press,0.2722661104053259,0.037156264297664165,native
mmfit,w20,mmfit_w20_seg00_squats,squat,pull Up,0.34296756237745285,push-up,0.16787505522370338,0.17509250715374947,native
mmfit,w20,mmfit_w20_seg00_squats,squat,shoulder press,0.2439091708511114,incline bench press,0.23177652433514595,0.012132646515965462,native
mmfit,w20,mmfit_w20_seg00_squats,squat,pull Up,0.3309266045689583,push-up,0.2038576900959015,0.1270689144730568,native
mmfit,w20,mmfit_w20_seg00_squats,squat,pull Up,0.2722398564219475,shoulder press,0.2229599542915821,0.04927990213036537,native
mmfit,w20,mmfit_w20_seg00_squats,squat,pull Up,0.31313570216298103,shoulder press,0.2608156083151698,0.05232009384781122,native
mmfit,w20,mmfit_w20_seg00_squats,squat,pull Up,0.3393562585115433,push-up,0.14354484528303146,0.1958114132285118,native
mmfit,w20,mmfit_w20_seg00_squats,squat,shoulder press,0.2868761084973812,incline bench press,0.2462722435593605,0.040603864938020706,native
mmfit,w20,mmfit_w20_seg00_squats,squat,pull Up,0.33409517258405685,push-up,0.2052873931825161,0.12880777940154076,native
mmfit,w20,mmfit_w20_seg00_squats,squat,pull Up,0.2876634728163481,shoulder press,0.22564040031284094,0.06202307250350714,native
mmfit,w20,mmfit_w20_seg00_squats,squat,pull Up,0.31551587767899036,shoulder press,0.3000969644635916,0.015418913215398788,native
mmfit,w20,mmfit_w20_seg00_squats,squat,pull Up,0.34049008786678314,push-up,0.16270216181874275,0.1777879260480404,native
mmfit,w20,mmfit_w20_seg00_squats,squat,shoulder press,0.3014230653643608,incline bench press,0.2687598578631878,0.03266320750117302,native
mmfit,w20,mmfit_w20_seg01_squats,squat,pull Up,0.32578612118959427,tricep dips,0.11357885086908937,0.2122072703205049,native
mmfit,w20,mmfit_w20_seg01_squats,squat,pull Up,0.33255692571401596,tricep dips,0.1197430333122611,0.21281389240175486,native
mmfit,w20,mmfit_w20_seg01_squats,squat,pull Up,0.3148929625749588,leg raises,0.11866237642243505,0.19623058615252376,native
mmfit,w20,mmfit_w20_seg01_squats,squat,pull Up,0.2965616211295128,leg raises,0.1421168688684702,0.1544447522610426,native
mmfit,w20,mmfit_w20_seg01_squats,squat,pull Up,0.29574456065893173,leg raises,0.1362569285556674,0.15948763210326433,native
mmfit,w20,mmfit_w20_seg01_squats,squat,pull Up,0.3049355819821358,leg raises,0.136464717797935,0.16847086418420076,native
mmfit,w20,mmfit_w20_seg01_squats,squat,pull Up,0.2984500154852867,leg raises,0.1499552894383669,0.14849472604691982,native
mmfit,w20,mmfit_w20_seg01_squats,squat,pull Up,0.3123161196708679,tricep dips,0.11177882051561028,0.20053729915525764,native
mmfit,w20,mmfit_w20_seg01_squats,squat,pull Up,0.3050336241722107,leg raises,0.1229437030851841,0.1820899210870266,native
mmfit,w20,mmfit_w20_seg01_squats,squat,pull Up,0.295273594558239,leg raises,0.13239669427275658,0.1628769002854824,native
mmfit,w20,mmfit_w20_seg01_squats,squat,pull Up,0.3023706078529358,leg raises,0.15705451276153326,0.14531609509140253,native
mmfit,w20,mmfit_w20_seg01_squats,squat,pull Up,0.32710790634155273,leg raises,0.11679241061210632,0.2103154957294464,native
mmfit,w20,mmfit_w20_seg01_squats,squat,pull Up,0.30889926105737686,leg raises,0.13404755666851997,0.1748517043888569,native
mmfit,w20,mmfit_w20_seg01_squats,squat,pull Up,0.3014870956540108,leg raises,0.13830948900431395,0.16317760664969683,native
mmfit,w20,mmfit_w20_seg01_squats,squat,pull Up,0.31009890139102936,leg raises,0.12891410663723946,0.1811847947537899,native
mmfit,w20,mmfit_w20_seg01_squats,squat,pull Up,0.3095287010073662,leg raises,0.1297686966136098,0.1797600043937564,native
mmfit,w20,mmfit_w20_seg01_squats,squat,pull Up,0.30930930376052856,leg raises,0.1269206115975976,0.18238869216293097,native
mmfit,w20,mmfit_w20_seg01_squats,squat,pull Up,0.30387070029973984,leg raises,0.13461932633072138,0.16925137396901846,native
mmfit,w20,mmfit_w20_seg01_squats,squat,pull Up,0.3060150146484375,leg raises,0.13300708588212729,0.17300792876631021,native
mmfit,w20,mmfit_w20_seg01_squats,squat,pull Up,0.2966258376836777,leg raises,0.14286331459879875,0.15376252308487892,native
mmfit,w20,mmfit_w20_seg01_squats,squat,pull Up,0.2882980853319168,leg raises,0.15609676949679852,0.1322013158351183,native
mmfit,w20,mmfit_w20_seg01_squats,squat,pull Up,0.28892282396554947,leg raises,0.15775146521627903,0.13117135874927044,native
mmfit,w20,mmfit_w20_seg01_squats,squat,pull Up,0.28560880571603775,leg raises,0.1772971572354436,0.10831164848059416,native
mmfit,w20,mmfit_w20_seg01_squats,squat,pull Up,0.30905985087156296,leg raises,0.14640247728675604,0.16265737358480692,native
mmfit,w20,mmfit_w20_seg01_squats,squat,pull Up,0.30693791806697845,leg raises,0.15161588974297047,0.155322028324008,native
mmfit,w20,mmfit_w20_seg02_squats,squat,incline bench press,0.27615170180797577,squat,0.2233443632721901,0.052807338535785675,native
mmfit,w20,mmfit_w20_seg02_squats,squat,incline bench press,0.2777915298938751,squat,0.17945926636457443,0.09833226352930069,native
mmfit,w20,mmfit_w20_seg02_squats,squat,incline bench press,0.30636367201805115,squat,0.1976023055613041,0.10876136645674706,native
mmfit,w20,mmfit_w20_seg02_squats,squat,incline bench press,0.30736543983221054,squat,0.17798747681081295,0.1293779630213976,native
mmfit,w20,mmfit_w20_seg02_squats,squat,incline bench press,0.2749662771821022,squat,0.18132060766220093,0.09364566951990128,native
mmfit,w20,mmfit_w20_seg02_squats,squat,incline bench press,0.27452825754880905,squat,0.18295979127287865,0.0915684662759304,native
mmfit,w20,mmfit_w20_seg02_squats,squat,incline bench press,0.3225006237626076,squat,0.16332127340137959,0.159179350361228,native
mmfit,w20,mmfit_w20_seg02_squats,squat,incline bench press,0.3255935162305832,squat,0.16073035076260567,0.16486316546797752,native
mmfit,w20,mmfit_w20_seg02_squats,squat,incline bench press,0.28257647156715393,squat,0.18524372205138206,0.09733274951577187,native
mmfit,w20,mmfit_w20_seg02_squats,squat,incline bench press,0.2667277902364731,squat,0.18097686767578125,0.08575092256069183,native
mmfit,w20,mmfit_w20_seg02_squats,squat,incline bench press,0.2619713768362999,squat,0.18427149020135403,0.07769988663494587,native
mmfit,w20,mmfit_w20_seg03_pushups,push-up,pull Up,0.2585371360182762,leg raises,0.17917718924582005,0.07935994677245617,native
mmfit,w20,mmfit_w20_seg03_pushups,push-up,pull Up,0.3074236288666725,leg raises,0.1378195695579052,0.16960405930876732,native
mmfit,w20,mmfit_w20_seg03_pushups,push-up,pull Up,0.3093285895884037,leg raises,0.13589361496269703,0.17343497462570667,native
mmfit,w20,mmfit_w20_seg03_pushups,push-up,pull Up,0.29909005761146545,leg raises,0.13006100617349148,0.16902905143797398,native
mmfit,w20,mmfit_w20_seg03_pushups,push-up,pull Up,0.28248683735728264,leg raises,0.15064114425331354,0.1318456931039691,native
mmfit,w20,mmfit_w20_seg03_pushups,push-up,pull Up,0.2918216958642006,leg raises,0.1427219845354557,0.1490997113287449,native
mmfit,w20,mmfit_w20_seg03_pushups,push-up,pull Up,0.2863933593034744,leg raises,0.14549298025667667,0.14090037904679775,native
mmfit,w20,mmfit_w20_seg03_pushups,push-up,pull Up,0.29548706859350204,leg raises,0.13111497648060322,0.16437209211289883,native
mmfit,w20,mmfit_w20_seg03_pushups,push-up,pull Up,0.2957685589790344,leg raises,0.13840504363179207,0.15736351534724236,native
mmfit,w20,mmfit_w20_seg03_pushups,push-up,pull Up,0.2859041094779968,leg raises,0.1475997194647789,0.13830439001321793,native
mmfit,w20,mmfit_w20_seg03_pushups,push-up,pull Up,0.28787337243556976,leg raises,0.14486403577029705,0.1430093366652727,native
mmfit,w20,mmfit_w20_seg03_pushups,push-up,pull Up,0.3001127317547798,leg raises,0.15524049196392298,0.14487223979085684,native
mmfit,w20,mmfit_w20_seg03_pushups,push-up,pull Up,0.2958603538572788,leg raises,0.16617675498127937,0.12968359887599945,native
mmfit,w20,mmfit_w20_seg03_pushups,push-up,pull Up,0.2720276638865471,leg raises,0.19478756189346313,0.07724010199308395,native
mmfit,w20,mmfit_w20_seg03_pushups,push-up,pull Up,0.27232154831290245,leg raises,0.1828523688018322,0.08946917951107025,native
mmfit,w20,mmfit_w20_seg03_pushups,push-up,pull Up,0.4691339507699013,deadlift,0.11793662048876286,0.3511973302811384,native
mmfit,w20,mmfit_w20_seg03_pushups,push-up,pull Up,0.2514038432855159,bench press,0.19924835488200188,0.05215548840351403,native
mmfit,w20,mmfit_w20_seg04_pushups,push-up,pull Up,0.2428596094250679,leg raises,0.19859305024147034,0.044266559183597565,native
mmfit,w20,mmfit_w20_seg04_pushups,push-up,pull Up,0.2319607324898243,leg raises,0.18974062986671925,0.04222010262310505,native
mmfit,w20,mmfit_w20_seg04_pushups,push-up,pull Up,0.24753141775727272,leg raises,0.1842047367244959,0.06332668103277683,native
mmfit,w20,mmfit_w20_seg04_pushups,push-up,pull Up,0.24667564406991005,leg raises,0.18123087473213673,0.06544476933777332,native
mmfit,w20,mmfit_w20_seg04_pushups,push-up,pull Up,0.2514727972447872,leg raises,0.17382526770234108,0.07764752954244614,native
mmfit,w20,mmfit_w20_seg04_pushups,push-up,pull Up,0.24696358293294907,leg raises,0.16794404853135347,0.07901953440159559,native
mmfit,w20,mmfit_w20_seg04_pushups,push-up,pull Up,0.2451278157532215,leg raises,0.1685221204534173,0.07660569529980421,native
mmfit,w20,mmfit_w20_seg04_pushups,push-up,pull Up,0.2441912330687046,leg raises,0.16812923830002546,0.07606199476867914,native
mmfit,w20,mmfit_w20_seg04_pushups,push-up,pull Up,0.24801569432020187,leg raises,0.1665763519704342,0.08143934234976768,native
mmfit,w20,mmfit_w20_seg04_pushups,push-up,pull Up,0.2521379478275776,leg raises,0.16469348222017288,0.08744446560740471,native
mmfit,w20,mmfit_w20_seg04_pushups,push-up,pull Up,0.24753181263804436,leg raises,0.16990578919649124,0.07762602344155312,native
mmfit,w20,mmfit_w20_seg04_pushups,push-up,pull Up,0.24375265464186668,leg raises,0.17802372016012669,0.06572893448174,native
mmfit,w20,mmfit_w20_seg04_pushups,push-up,pull Up,0.24699555709958076,leg raises,0.17501197569072247,0.0719835814088583,native
mmfit,w20,mmfit_w20_seg04_pushups,push-up,pull Up,0.2619551494717598,leg raises,0.17219190299510956,0.08976324647665024,native
mmfit,w20,mmfit_w20_seg04_pushups,push-up,pull Up,0.2680232934653759,leg raises,0.16876612417399883,0.09925716929137707,native
mmfit,w20,mmfit_w20_seg04_pushups,push-up,pull Up,0.2908549942076206,leg raises,0.1538273971527815,0.13702759705483913,native
mmfit,w20,mmfit_w20_seg04_pushups,push-up,pull Up,0.2675228528678417,leg raises,0.16421769931912422,0.1033051535487175,native
mmfit,w20,mmfit_w20_seg04_pushups,push-up,pull Up,0.27639271691441536,leg raises,0.16505599580705166,0.1113367211073637,native
mmfit,w20,mmfit_w20_seg04_pushups,push-up,pull Up,0.28329676389694214,leg raises,0.15953532792627811,0.12376143597066402,native
mmfit,w20,mmfit_w20_seg04_pushups,push-up,pull Up,0.27788688614964485,leg raises,0.15613756515085697,0.12174932099878788,native
mmfit,w20,mmfit_w20_seg05_pushups,push-up,squat,0.2048418764024973,shoulder press,0.15125066391192377,0.053591212490573525,native
mmfit,w20,mmfit_w20_seg05_pushups,push-up,squat,0.20640643127262592,shoulder press,0.15061956364661455,0.05578686762601137,native
mmfit,w20,mmfit_w20_seg05_pushups,push-up,squat,0.20299840532243252,shoulder press,0.14495589677244425,0.05804250854998827,native
mmfit,w20,mmfit_w20_seg05_pushups,push-up,squat,0.20445929653942585,shoulder press,0.14700527931563556,0.05745401722379029,native
mmfit,w20,mmfit_w20_seg05_pushups,push-up,squat,0.20875355415046215,shoulder press,0.14672914799302816,0.06202440615743399,native
mmfit,w20,mmfit_w20_seg05_pushups,push-up,squat,0.20949685759842396,shoulder press,0.14826059830375016,0.0612362592946738,native
mmfit,w20,mmfit_w20_seg05_pushups,push-up,squat,0.21080107428133488,shoulder press,0.1471618351060897,0.06363923917524517,native
mmfit,w20,mmfit_w20_seg05_pushups,push-up,squat,0.2099611461162567,shoulder press,0.1473798118531704,0.06258133426308632,native
mmfit,w20,mmfit_w20_seg05_pushups,push-up,squat,0.20889156125485897,shoulder press,0.14762986195273697,0.061261699302122,native
mmfit,w20,mmfit_w20_seg05_pushups,push-up,squat,0.21137870848178864,shoulder press,0.14045042032375932,0.07092828815802932,native
mmfit,w20,mmfit_w20_seg05_pushups,push-up,squat,0.2075486108660698,shoulder press,0.14871643134392798,0.058832179522141814,native
mmfit,w20,mmfit_w20_seg05_pushups,push-up,squat,0.20705508813261986,shoulder press,0.15040305582806468,0.05665203230455518,native
mmfit,w20,mmfit_w20_seg05_pushups,push-up,squat,0.20655124075710773,shoulder press,0.14754319307394326,0.05900804768316448,native
mmfit,w20,mmfit_w20_seg05_pushups,push-up,squat,0.20708934776484966,shoulder press,0.1496327358763665,0.05745661188848317,native
mmfit,w20,mmfit_w20_seg05_pushups,push-up,squat,0.20694681629538536,shoulder press,0.14859198918566108,0.05835482710972428,native
mmfit,w20,mmfit_w20_seg05_pushups,push-up,squat,0.21045289002358913,shoulder press,0.14871981577016413,0.061733074253425,native
mmfit,w20,mmfit_w20_seg05_pushups,push-up,squat,0.21204972453415394,shoulder press,0.1468387597706169,0.06521096476353705,native
mmfit,w20,mmfit_w20_seg05_pushups,push-up,squat,0.1993720717728138,shoulder press,0.1331373049179092,0.06623476685490459,native
mmfit,w20,mmfit_w20_seg05_pushups,push-up,squat,0.19683665316551924,shoulder press,0.13434851728379726,0.06248813588172197,native
mmfit,w20,mmfit_w20_seg05_pushups,push-up,squat,0.1945088990032673,shoulder press,0.13977514277212322,0.05473375623114407,native
mmfit,w20,mmfit_w20_seg05_pushups,push-up,squat,0.20375869795680046,shoulder press,0.1407509387936443,0.06300775916315615,native
mmfit,w20,mmfit_w20_seg05_pushups,push-up,squat,0.2078071590512991,shoulder press,0.14115539356134832,0.06665176548995078,native
mmfit,w20,mmfit_w20_seg05_pushups,push-up,squat,0.20464818738400936,shoulder press,0.13656047568656504,0.06808771169744432,native
mmfit,w20,mmfit_w20_seg21_lateral_shoulder_raises,lateral raise,squat,0.1753732394427061,leg raises,0.16384590047528036,0.011527338967425749,native
mmfit,w20,mmfit_w20_seg21_lateral_shoulder_raises,lateral raise,squat,0.18418350629508495,leg raises,0.16815038461936638,0.016033121675718576,native
mmfit,w20,mmfit_w20_seg21_lateral_shoulder_raises,lateral raise,squat,0.19820090010762215,deadlift,0.15278144553303719,0.04541945457458496,native
mmfit,w20,mmfit_w20_seg21_lateral_shoulder_raises,lateral raise,tricep Pushdown,0.14984421990811825,incline bench press,0.13656257465481758,0.013281645253300667,native
mmfit,w20,mmfit_w20_seg21_lateral_shoulder_raises,lateral raise,squat,0.25063811615109444,leg raises,0.16198258800432086,0.08865552814677358,native
mmfit,w20,mmfit_w20_seg21_lateral_shoulder_raises,lateral raise,leg raises,0.16618341172579676,squat,0.15823111217468977,0.00795229955110699,native
mmfit,w20,mmfit_w20_seg21_lateral_shoulder_raises,lateral raise,leg raises,0.16289065475575626,squat,0.15028215944766998,0.012608495308086276,native
mmfit,w20,mmfit_w20_seg21_lateral_shoulder_raises,lateral raise,leg raises,0.1639316719956696,squat,0.15010416973382235,0.013827502261847258,native
mmfit,w20,mmfit_w20_seg21_lateral_shoulder_raises,lateral raise,leg raises,0.16324760217685252,squat,0.14713202277198434,0.016115579404868186,native
mmfit,w20,mmfit_w20_seg21_lateral_shoulder_raises,lateral raise,leg raises,0.1645290512824431,squat,0.15491559449583292,0.009613456786610186,native
mmfit,w20,mmfit_w20_seg21_lateral_shoulder_raises,lateral raise,leg raises,0.16563333407975733,squat,0.15094624646008015,0.014687087619677186,native
mmfit,w20,mmfit_w20_seg21_lateral_shoulder_raises,lateral raise,leg raises,0.16404434555443004,squat,0.1477147969417274,0.016329548612702638,native
mmfit,w20,mmfit_w20_seg21_lateral_shoulder_raises,lateral raise,leg raises,0.16332362813409418,squat,0.1582306595519185,0.005092968582175672,native
mmfit,w20,mmfit_w20_seg21_lateral_shoulder_raises,lateral raise,leg raises,0.16488492087228224,squat,0.1477371407672763,0.01714778010500595,native
mmfit,w20,mmfit_w20_seg21_lateral_shoulder_raises,lateral raise,leg raises,0.1665453374153003,squat,0.15517800906673074,0.011367328348569572,native
mmfit,w20,mmfit_w20_seg21_lateral_shoulder_raises,lateral raise,leg raises,0.1644618035061285,squat,0.15146233746781945,0.012999466038309038,native
mmfit,w20,mmfit_w20_seg21_lateral_shoulder_raises,lateral raise,leg raises,0.16423933405894786,squat,0.1507343826815486,0.013504951377399266,native
mmfit,w20,mmfit_w20_seg21_lateral_shoulder_raises,lateral raise,leg raises,0.16407088318374008,shoulder press,0.1565204719081521,0.007550411275587976,native
mmfit,w20,mmfit_w20_seg21_lateral_shoulder_raises,lateral raise,leg raises,0.16402344533707947,shoulder press,0.1509588277549483,0.013064617582131177,native
mmfit,w20,mmfit_w20_seg21_lateral_shoulder_raises,lateral raise,leg raises,0.16326869640033692,shoulder press,0.14651385479373857,0.016754841606598347,native
mmfit,w20,mmfit_w20_seg21_lateral_shoulder_raises,lateral raise,leg raises,0.16584407014306635,shoulder press,0.1505826826323755,0.015261387510690838,native
mmfit,w20,mmfit_w20_seg21_lateral_shoulder_raises,lateral raise,leg raises,0.1650581759167835,shoulder press,0.1470158469164744,0.01804232900030911,native
mmfit,w20,mmfit_w20_seg21_lateral_shoulder_raises,lateral raise,leg raises,0.16516514762770385,shoulder press,0.15132455062121153,0.013840597006492317,native
mmfit,w20,mmfit_w20_seg21_lateral_shoulder_raises,lateral raise,leg raises,0.16593247733544558,shoulder press,0.15118621045257896,0.014746266882866621,native
mmfit,w20,mmfit_w20_seg21_lateral_shoulder_raises,lateral raise,leg raises,0.1658198406221345,shoulder press,0.14690059516578913,0.01891924545634538,native
mmfit,w20,mmfit_w20_seg21_lateral_shoulder_raises,lateral raise,leg raises,0.16595800186041743,shoulder press,0.14551239891443402,0.02044560294598341,native
mmfit,w20,mmfit_w20_seg21_lateral_shoulder_raises,lateral raise,leg raises,0.16604355862364173,shoulder press,0.148308782489039,0.017734776134602726,native
mmfit,w20,mmfit_w20_seg21_lateral_shoulder_raises,lateral raise,leg raises,0.1666521067963913,shoulder press,0.1480173555901274,0.0186347512062639,native
mmfit,w20,mmfit_w20_seg22_lateral_shoulder_raises,lateral raise,squat,0.19060569815337658,leg raises,0.15167355741141364,0.03893214074196294,native
mmfit,w20,mmfit_w20_seg22_lateral_shoulder_raises,lateral raise,squat,0.16233596950769424,leg raises,0.15891563647892326,0.0034203330287709832,native
mmfit,w20,mmfit_w20_seg22_lateral_shoulder_raises,lateral raise,squat,0.1644158223643899,leg raises,0.15798723377520218,0.0064285885891877115,native
mmfit,w20,mmfit_w20_seg22_lateral_shoulder_raises,lateral raise,squat,0.16189587768167257,shoulder press,0.15902265801560134,0.002873219666071236,native
mmfit,w20,mmfit_w20_seg22_lateral_shoulder_raises,lateral raise,squat,0.16614385414868593,leg raises,0.15634531324030831,0.009798540908377618,native
mmfit,w20,mmfit_w20_seg22_lateral_shoulder_raises,lateral raise,squat,0.16467740945518017,shoulder press,0.16014447435736656,0.004532935097813606,native
mmfit,w20,mmfit_w20_seg22_lateral_shoulder_raises,lateral raise,squat,0.16489150561392307,shoulder press,0.15760686621069908,0.007284639403223991,native
mmfit,w20,mmfit_w20_seg22_lateral_shoulder_raises,lateral raise,squat,0.16526513546705246,leg raises,0.15924088354222476,0.006024251924827695,native
mmfit,w20,mmfit_w20_seg22_lateral_shoulder_raises,lateral raise,squat,0.167713045142591,leg raises,0.15914175112266093,0.008571294019930065,native
mmfit,w20,mmfit_w20_seg22_lateral_shoulder_raises,lateral raise,squat,0.16726732533425093,leg raises,0.15836831246269867,0.008899012871552259,native
mmfit,w20,mmfit_w20_seg22_lateral_shoulder_raises,lateral raise,squat,0.16236635763198137,leg raises,0.1569165558903478,0.005449801741633564,native
mmfit,w20,mmfit_w20_seg22_lateral_shoulder_raises,lateral raise,squat,0.16390157956629992,leg raises,0.1578295444487594,0.0060720351175405085,native
mmfit,w20,mmfit_w20_seg22_lateral_shoulder_raises,lateral raise,squat,0.16526610497385263,shoulder press,0.1555765839293599,0.009689521044492722,native
mmfit,w20,mmfit_w20_seg22_lateral_shoulder_raises,lateral raise,shoulder press,0.15929669898469,squat,0.156545277684927,0.002751421299763024,native
mmfit,w20,mmfit_w20_seg22_lateral_shoulder_raises,lateral raise,squat,0.16231501195579767,shoulder press,0.161436308757402,0.0008787031983956695,native
mmfit,w20,mmfit_w20_seg22_lateral_shoulder_raises,lateral raise,squat,0.16581512708216906,shoulder press,0.1611280906945467,0.004687036387622356,native
mmfit,w20,mmfit_w20_seg22_lateral_shoulder_raises,lateral raise,squat,0.17345993593335152,leg raises,0.15757981804199517,0.01588011789135635,native
mmfit,w20,mmfit_w20_seg22_lateral_shoulder_raises,lateral raise,squat,0.1613544039428234,leg raises,0.15973263332853094,0.0016217706142924726,native
mmfit,w20,mmfit_w20_seg22_lateral_shoulder_raises,lateral raise,leg raises,0.12652382877422497,incline bench press,0.12487929500639439,0.0016445337678305805,native
mmfit,w20,mmfit_w20_seg22_lateral_shoulder_raises,lateral raise,leg raises,0.13706669490784407,squat,0.13000910263508558,0.007057592272758484,native
mmfit,w20,mmfit_w20_seg22_lateral_shoulder_raises,lateral raise,leg raises,0.158001164032612,squat,0.15400903346017003,0.003992130572441965,native
mmfit,w20,mmfit_w20_seg22_lateral_shoulder_raises,lateral raise,squat,0.1640036879107356,leg raises,0.15900131914531812,0.005002368765417486,native
mmfit,w20,mmfit_w20_seg22_lateral_shoulder_raises,lateral raise,squat,0.1599540594033897,leg raises,0.15891588455997407,0.001038174843415618,native
mmfit,w20,mmfit_w20_seg22_lateral_shoulder_raises,lateral raise,leg raises,0.1591999318334274,squat,0.15457888459786773,0.004621047235559672,native
mmfit,w20,mmfit_w20_seg22_lateral_shoulder_raises,lateral raise,leg raises,0.15841627679765224,squat,0.15580748626962304,0.0026087905280292034,native
mmfit,w20,mmfit_w20_seg22_lateral_shoulder_raises,lateral raise,leg raises,0.1584472637041472,squat,0.15703657269477844,0.0014106910093687475,native
mmfit,w20,mmfit_w20_seg22_lateral_shoulder_raises,lateral raise,leg raises,0.16009964083787054,squat,0.15565154934301972,0.004448091494850814,native
mmfit,w20,mmfit_w20_seg22_lateral_shoulder_raises,lateral raise,leg raises,0.15662167529808357,squat,0.15499281510710716,0.001628860190976411,native
mmfit,w20,mmfit_w20_seg23_lateral_shoulder_raises,lateral raise,pull Up,0.20734477788209915,squat,0.17952803894877434,0.027816738933324814,native
mmfit,w20,mmfit_w20_seg23_lateral_shoulder_raises,lateral raise,pull Up,0.2076117219403386,squat,0.18658876791596413,0.021022954024374485,native
mmfit,w20,mmfit_w20_seg23_lateral_shoulder_raises,lateral raise,pull Up,0.210983962751925,squat,0.18482407182455063,0.026159890927374363,native
mmfit,w20,mmfit_w20_seg23_lateral_shoulder_raises,lateral raise,pull Up,0.1931276055984199,squat,0.18488992005586624,0.008237685542553663,native
mmfit,w20,mmfit_w20_seg23_lateral_shoulder_raises,lateral raise,pull Up,0.34351581800729036,shoulder press,0.2529684863984585,0.09054733160883188,native
mmfit,w20,mmfit_w20_seg23_lateral_shoulder_raises,lateral raise,pull Up,0.37871362268924713,decline bench press,0.13913133926689625,0.23958228342235088,native
mmfit,w20,mmfit_w20_seg23_lateral_shoulder_raises,lateral raise,pull Up,0.2692430689930916,tricep dips,0.17520350159611553,0.09403956739697605,native
mmfit,w20,mmfit_w20_seg23_lateral_shoulder_raises,lateral raise,incline bench press,0.2138063907623291,pull Up,0.15795436408370733,0.05585202667862177,native
mmfit,w20,mmfit_w20_seg23_lateral_shoulder_raises,lateral raise,incline bench press,0.17050085961818695,pull Up,0.15099896676838398,0.01950189284980297,native
mmfit,w20,mmfit_w20_seg23_lateral_shoulder_raises,lateral raise,chest fly machine,0.1942402794957161,incline bench press,0.1518772542476654,0.04236302524805069,native
mmfit,w20,mmfit_w20_seg23_lateral_shoulder_raises,lateral raise,pull Up,0.2315530776977539,leg raises,0.20775070786476135,0.023802369832992554,native
mmfit,w20,mmfit_w20_seg23_lateral_shoulder_raises,lateral raise,pull Up,0.2437305897474289,leg raises,0.17838525492697954,0.06534533482044935,native
mmfit,w20,mmfit_w20_seg23_lateral_shoulder_raises,lateral raise,pull Up,0.4478650912642479,deadlift,0.12346195802092552,0.3244031332433224,native
mmfit,w20,mmfit_w20_seg23_lateral_shoulder_raises,lateral raise,pull Up,0.43590375781059265,bench press,0.19399110227823257,0.24191265553236008,native
mmfit,w20,mmfit_w20_seg23_lateral_shoulder_raises,lateral raise,pull Up,0.25239437632262707,deadlift,0.14578061178326607,0.106613764539361,native
mmfit,w20,mmfit_w20_seg23_lateral_shoulder_raises,lateral raise,pull Up,0.2854748396202922,deadlift,0.1614532321691513,0.12402160745114088,native
mmfit,w20,mmfit_w20_seg23_lateral_shoulder_raises,lateral raise,pull Up,0.2712535015307367,shoulder press,0.14725595992058516,0.12399754161015153,native
mmfit,w20,mmfit_w20_seg23_lateral_shoulder_raises,lateral raise,pull Up,0.26727394573390484,shoulder press,0.14999385550618172,0.11728009022772312,native
mmfit,w20,mmfit_w20_seg23_lateral_shoulder_raises,lateral raise,pull Up,0.275411993265152,deadlift,0.1669413074851036,0.10847068578004837,native
mmfit,w20,mmfit_w20_seg23_lateral_shoulder_raises,lateral raise,pull Up,0.30427659302949905,deadlift,0.13445011898875237,0.1698264740407467,native
mmfit,w20,mmfit_w20_seg23_lateral_shoulder_raises,lateral raise,pull Up,0.22409029304981232,leg raises,0.17089641001075506,0.053193883039057255,native
mmfit,w20,mmfit_w20_seg23_lateral_shoulder_raises,lateral raise,leg raises,0.26141590997576714,pull Up,0.14681714586913586,0.11459876410663128,native
mmfit,w20,mmfit_w20_seg23_lateral_shoulder_raises,lateral raise,leg raises,0.23393246298655868,pull Up,0.16262147575616837,0.07131098723039031,native
mmfit,w20,mmfit_w20_seg23_lateral_shoulder_raises,lateral raise,leg raises,0.24228383461013436,pull Up,0.1488789152354002,0.09340491937473416,native
mmfit,w20,mmfit_w20_seg23_lateral_shoulder_raises,lateral raise,leg raises,0.2541472753509879,pull Up,0.15551058761775494,0.09863668773323298,native
mmfit,w20,mmfit_w20_seg23_lateral_shoulder_raises,lateral raise,leg raises,0.25400994438678026,pull Up,0.15822049416601658,0.09578945022076368,native
mmfit,w20,mmfit_w20_seg23_lateral_shoulder_raises,lateral raise,pull Up,0.3167725130915642,leg extension,0.13721923902630806,0.17955327406525612,native
mmfit,w20,mmfit_w20_seg23_lateral_shoulder_raises,lateral raise,pull Up,0.3213070183992386,leg raises,0.15773827768862247,0.1635687407106161,native
mmfit,w20,mmfit_w20_seg23_lateral_shoulder_raises,lateral raise,pull Up,0.342447891831398,shoulder press,0.09157075150869787,0.25087714032270014,native
